userid,purchase_price,purchase_timestamp
sandra17,260,2020-02-23T01:34:25Z
sandrabowen,185,2020-04-11T22:39:30Z
patriciasullivan,70,2020-05-11T21:43:59Z
ruth74,100,2021-09-21T13:19:37Z
andersonkristen,236,2021-05-01T06:27:47Z
aguilarlori,285,2020-02-25T13:16:53Z
ssantana,41,2020-04-29T05:43:15Z
susanmitchell,3,2021-09-03T16:20:36Z
ireed,92,2021-02-07T13:35:51Z
jamie57,45,2021-01-09T07:55:37Z
wangdana,75,2020-04-20T12:01:58Z
stephanie74,183,2020-01-11T15:28:24Z
christianalexander,105,2020-03-07T03:03:51Z
benjaminrobinson,6,2021-02-23T18:41:31Z
mjones,170,2020-11-05T15:18:22Z
lisacoleman,182,2021-01-26T20:41:01Z
hintonmitchell,139,2020-09-02T09:14:53Z
mgill,21,2020-03-03T19:02:26Z
robertandersen,57,2021-11-11T11:26:59Z
ivanolson,26,2021-01-17T22:29:44Z
astewart,206,2021-06-24T20:52:29Z
james54,4,2021-08-09T13:26:47Z
carol72,212,2020-11-26T11:21:33Z
villarrealaustin,192,2021-08-30T07:49:51Z
stephenfowler,230,2020-01-04T11:21:14Z
leonmorgan,74,2020-10-01T10:41:32Z
smitherik,291,2021-05-16T04:51:25Z
luisweaver,160,2020-08-08T07:28:23Z
vli,97,2021-07-15T11:09:41Z
riveradennis,58,2020-10-22T18:34:07Z
omcdonald,36,2021-08-25T18:10:26Z
omarcharles,94,2021-02-08T03:56:15Z
ajarvis,163,2021-10-10T18:36:30Z
melissa04,5,2021-12-21T10:26:00Z
jamessmith,83,2021-12-05T04:42:08Z
mwilson,263,2021-09-18T09:16:55Z
hoconnor,222,2021-03-15T02:16:44Z
fowlerjack,177,2021-04-07T17:31:17Z
qdavis,146,2021-04-11T23:52:54Z
wrightsandra,246,2021-06-16T18:21:30Z
garrettsusan,35,2021-10-06T08:38:17Z
ericamiles,257,2021-08-06T09:28:10Z
matthewbrown,97,2020-03-08T01:29:59Z
robert87,130,2021-05-06T03:13:29Z
bwright,264,2020-05-11T00:04:21Z
jacksonduane,155,2020-09-03T19:04:57Z
walkerstephanie,261,2020-02-10T14:37:27Z
edwardsantana,31,2020-10-20T12:02:59Z
davidgilbert,273,2020-11-19T04:25:21Z
parsonschristopher,106,2021-05-20T01:32:47Z
lcannon,211,2021-10-25T20:21:19Z
gmoore,236,2021-05-09T19:48:24Z
mvega,158,2020-12-19T14:07:41Z
mbautista,128,2020-07-25T07:26:54Z
mgross,252,2021-06-23T02:07:29Z
folson,13,2020-11-14T08:40:19Z
rothann,17,2020-03-26T18:55:20Z
williamsdouglas,211,2021-11-04T15:21:23Z
joshua87,37,2019-12-26T06:06:24Z
marksjoshua,142,2020-12-09T23:17:46Z
christopherchandler,258,2020-10-22T17:15:22Z
xsimpson,279,2021-10-20T04:09:06Z
michael65,264,2021-07-07T14:16:02Z
pfields,56,2021-01-26T03:38:22Z
lauren90,43,2020-02-07T22:50:33Z
crogers,148,2020-12-12T04:43:57Z
sullivandeborah,735,2021-10-08T02:52:08Z
wbell,379,2021-02-06T22:48:41Z
rothann,101,2020-03-26T18:50:20Z
christopherchandler,96,2020-10-22T17:13:22Z
clairejones,901,2021-07-19T08:17:50Z
vanessawise,225,2020-12-25T18:19:18Z
taraschroeder,953,2020-02-04T04:02:26Z
meadowsheather,95,2021-05-04T14:16:54Z
bonnie54,874,2020-09-27T02:37:44Z
pfields,178,2021-01-26T03:16:22Z
cmcdonald,386,2021-03-14T16:53:10Z
kevin88,385,2020-03-04T20:02:13Z
erin63,605,2020-05-26T01:01:43Z
morganrivera,931,2021-06-03T10:06:35Z
rebecca89,740,2020-03-08T11:59:52Z
jacksonsteven,628,2021-05-29T16:41:40Z
danielle11,804,2020-03-12T23:18:22Z
kevin99,379,2020-10-08T14:24:51Z
john65,394,2021-05-23T11:24:18Z
savannah49,488,2020-05-10T14:51:28Z
froberts,401,2021-04-14T07:16:04Z
contreraspatrick,139,2020-04-22T03:32:00Z
jeanette42,890,2020-09-26T18:47:05Z
talexander,500,2021-03-27T21:33:13Z
deborahsullivan,682,2021-04-08T11:13:43Z
bensonmichael,863,2021-08-06T14:00:03Z
wilsonjason,677,2020-09-08T10:30:12Z
carrie28,28,2021-04-20T06:09:01Z
krowe,952,2021-02-27T02:56:21Z
leebrian,484,2021-10-08T04:44:38Z
tinahoward,155,2020-10-11T13:25:04Z
xhicks,535,2020-11-07T13:07:34Z
qfoster,638,2020-12-31T21:51:28Z
sgraham,91,2021-11-25T04:58:20Z
mcneilnicole,229,2021-10-09T00:45:20Z
alexhughes,611,2020-12-18T10:59:03Z
deannalogan,694,2021-01-14T21:59:24Z
wadams,882,2021-12-05T04:19:03Z
websterjamie,76,2020-03-10T00:07:18Z
robertstewart,281,2021-05-02T10:39:44Z
christopher88,701,2021-11-29T10:04:54Z
katherine08,892,2021-04-18T23:57:28Z
smallrobert,616,2020-09-08T13:28:24Z
ambergolden,777,2021-11-27T08:57:20Z
summerallen,233,2021-11-03T12:00:05Z
nvega,529,2019-12-26T16:36:18Z
jamesfleming,264,2020-07-10T05:54:12Z
lewisdonna,925,2020-02-29T10:01:13Z
bakerjose,422,2021-03-19T02:32:28Z
gardnerjohn,68,2021-03-26T11:13:03Z
harperjames,265,2021-10-08T00:27:59Z
psoto,238,2020-11-30T23:30:47Z
piercedavid,142,2021-01-28T20:18:20Z
jeanette67,58,2020-02-25T20:29:41Z
donald64,282,2020-06-28T22:39:26Z
robert85,248,2020-09-02T10:31:25Z
laradanielle,29,2021-08-13T17:26:06Z
wward,157,2021-06-01T09:52:01Z
roberthall,181,2020-02-13T15:09:33Z
charles98,81,2021-02-15T13:26:05Z
gracealexander,114,2021-05-11T16:26:08Z
porterjoshua,210,2021-10-10T06:49:05Z
nforbes,4,2020-11-11T08:51:04Z
bakerjose,213,2020-07-20T07:13:43Z
sbeck,246,2021-06-17T11:07:04Z
karina34,3,2021-06-28T17:04:41Z
perkinslinda,165,2021-01-17T12:25:05Z
tnelson,208,2021-01-23T04:57:03Z
ksmith,248,2020-08-14T14:56:06Z
iwalker,42,2021-09-05T21:52:22Z
lbrewer,92,2021-08-06T16:18:38Z
hreed,132,2021-08-27T15:55:16Z
bianca98,62,2021-03-19T21:04:38Z
joshua82,183,2021-05-25T09:12:31Z
morandeanna,129,2020-01-09T17:52:45Z
grahamcollin,93,2021-03-10T19:48:14Z
ojohnson,182,2020-01-06T05:08:37Z
briana50,272,2020-10-07T05:48:15Z
ogallegos,144,2021-02-19T10:50:40Z
lauren39,7,2021-02-04T19:59:31Z
allenmiguel,97,2021-09-02T08:20:26Z
kmejia,141,2020-09-21T14:33:45Z
ronald94,102,2021-03-28T05:52:47Z
phicks,135,2021-11-20T15:19:47Z
rebeccabrown,274,2021-07-27T20:21:12Z
danielclark,111,2021-06-18T07:30:22Z
sheppardjared,154,2021-09-19T22:56:15Z
fguerra,255,2020-07-19T17:50:27Z
usherman,34,2021-03-25T13:32:46Z
verickson,142,2021-11-04T16:32:29Z
sherri82,176,2020-07-24T04:21:14Z
wilsonchristina,13,2020-06-30T15:18:20Z
diane45,222,2020-07-31T16:25:07Z
travis92,171,2021-08-06T21:10:40Z
thomasbrooke,89,2021-01-01T20:58:54Z
iclark,171,2020-07-04T18:37:41Z
shicks,240,2021-02-19T04:49:39Z
noah44,236,2021-01-22T14:04:11Z
ssmith,118,2020-06-05T21:01:38Z
scottmontes,30,2021-07-20T21:51:09Z
christopher34,11,2021-03-26T07:26:00Z
kristen03,112,2020-10-07T10:59:37Z
matthew43,100,2020-12-16T03:49:59Z
kevin88,23,2020-06-19T05:18:11Z
gcarpenter,278,2020-09-29T22:11:27Z
josephellis,45,2020-11-09T16:48:19Z
kristi90,118,2021-10-05T06:43:47Z
woodsmichelle,56,2019-12-29T02:15:53Z
fpace,56,2020-04-17T05:15:43Z
richardholmes,181,2021-06-12T01:57:01Z
sullivandeborah,206,2021-10-08T03:04:08Z
romanrobert,62,2020-11-29T09:50:03Z
bbrewer,163,2020-06-25T17:44:46Z
angelaroberts,57,2020-09-10T05:34:30Z
vmathews,106,2020-06-08T03:48:33Z
kevin88,241,2020-03-04T20:04:13Z
claudia18,180,2020-05-27T07:03:42Z
aburgess,694,2021-01-21T21:47:16Z
wnelson,622,2021-10-12T23:48:57Z
racevedo,744,2021-03-13T05:27:04Z
diane01,708,2021-07-30T07:25:17Z
kevin33,615,2021-12-21T21:14:05Z
rkeller,999,2020-01-18T23:28:53Z
narnold,529,2020-12-30T06:43:30Z
contrerasronald,424,2020-06-27T20:02:54Z
santostara,928,2020-12-29T12:45:31Z
annette44,757,2020-06-07T22:08:06Z
jordan07,681,2020-09-19T18:03:33Z
amandabradford,95,2020-12-16T14:37:16Z
patrick21,998,2020-11-03T11:19:47Z
chad68,439,2020-09-15T17:38:13Z
daniellehill,33,2020-04-08T06:06:59Z
michael04,992,2021-05-02T00:00:40Z
julie69,941,2020-06-26T23:24:22Z
walshbrian,823,2020-01-28T16:15:04Z
johnsonpatrick,451,2020-11-15T04:21:37Z
nmorton,189,2020-03-20T16:25:24Z
rasmussencurtis,471,2021-08-26T01:26:28Z
johnbrowning,663,2020-09-10T06:41:57Z
adickson,689,2021-09-26T19:56:14Z
lmartin,761,2021-10-18T13:16:46Z
aharris,639,2021-09-24T03:33:19Z
owensbarbara,994,2021-08-29T16:18:54Z
nicole17,543,2021-08-26T09:37:44Z
aprilmcdonald,138,2021-01-29T16:50:24Z
barnesmichael,511,2021-09-20T02:49:57Z
sarahfrancis,670,2020-06-07T06:15:51Z
dana57,989,2020-10-07T05:03:48Z
patriciahess,919,2021-04-15T00:32:30Z
srusso,602,2021-11-17T02:46:44Z
nrollins,171,2021-10-15T06:08:07Z
trevor11,244,2021-05-17T18:52:12Z
hannah94,413,2021-10-25T04:03:28Z
coopersamantha,542,2020-09-09T04:33:32Z
brooke54,123,2021-08-09T01:24:42Z
kirktina,965,2021-02-15T16:15:41Z
jferrell,211,2021-01-17T14:11:49Z
trevinomichael,518,2020-11-15T04:16:33Z
vdrake,369,2021-04-29T03:26:47Z
dlee,829,2020-07-16T06:12:13Z
sandersrobert,484,2021-08-16T11:23:17Z
leeerica,144,2021-01-20T02:18:06Z
bakerjose,455,2020-05-10T14:34:29Z
bakerjose,535,2020-07-24T16:18:23Z
morrisjake,985,2020-07-17T23:00:34Z
wilsontodd,328,2021-08-16T11:52:16Z
richard04,730,2021-08-22T12:38:03Z
pstein,114,2020-11-22T15:57:23Z
john38,271,2021-01-04T04:10:02Z
lharris,28,2021-01-12T04:43:49Z
marshallsharon,166,2020-03-31T09:43:20Z
david70,182,2020-01-19T23:44:52Z
kathleenjohnson,158,2021-07-31T19:20:10Z
benderbrandon,173,2020-06-30T07:03:22Z
barnesjulia,249,2020-09-09T19:52:34Z
stephanie74,19,2020-04-29T19:07:08Z
jacob77,160,2021-08-01T07:23:09Z
jasonwalter,274,2021-11-08T08:55:49Z
brandonford,273,2020-05-30T21:25:36Z
brandiwagner,138,2021-02-20T14:19:46Z
bakerjose,7,2021-05-25T09:14:36Z
bakerjose,136,2020-02-10T02:37:52Z
dustin87,73,2020-12-26T08:56:12Z
alewis,249,2020-07-18T20:55:48Z
lori63,206,2020-06-09T11:13:20Z
michael86,246,2021-12-03T19:35:30Z
dsmith,134,2020-01-11T00:09:44Z
desireeguerrero,173,2020-12-31T22:49:09Z
benjaminmiller,151,2021-01-06T01:08:49Z
darrell23,183,2020-07-27T22:19:35Z
gwilliams,89,2020-03-04T18:35:37Z
jackparker,272,2021-10-16T09:04:30Z
jmorales,110,2021-06-26T01:36:02Z
freemanmichael,55,2020-01-28T15:58:08Z
hbrown,132,2021-04-06T11:20:15Z
mwalker,112,2021-03-15T12:01:39Z
jonesalicia,133,2020-05-12T10:06:50Z
walkercaroline,219,2020-02-04T19:29:00Z
samanthagould,71,2020-03-28T03:38:50Z
christopher74,4,2020-11-22T03:37:09Z
melissanelson,135,2021-06-05T09:21:52Z
lauralewis,287,2021-11-04T00:39:39Z
brandtcharles,140,2020-03-11T15:06:41Z
omercer,181,2021-02-11T14:09:29Z
stephen84,206,2021-03-13T22:02:17Z
littlephillip,258,2020-05-08T20:42:31Z
claudiashelton,268,2020-03-15T12:33:15Z
nelsonlisa,69,2020-03-15T22:20:38Z
erika00,116,2020-01-27T03:51:53Z
conradkevin,262,2020-12-24T19:50:17Z
xhogan,200,2020-09-14T05:08:52Z
caindavid,237,2021-01-16T09:19:44Z
carolinejones,252,2020-03-31T09:03:12Z
haustin,159,2021-03-01T21:52:03Z
mark38,49,2021-06-11T23:18:44Z
anita05,153,2020-04-08T14:59:32Z
cristianedwards,167,2021-10-22T21:13:59Z
robertbutler,200,2020-10-02T02:25:51Z
lambmatthew,259,2020-06-17T07:32:02Z
ohester,126,2020-07-08T04:05:57Z
oknight,272,2021-09-01T14:20:47Z
gordonscott,131,2020-01-06T00:16:17Z
william76,244,2021-04-16T22:58:29Z
julie19,54,2020-11-19T08:58:47Z
dfisher,251,2021-07-14T13:45:02Z
mfreeman,250,2021-10-17T13:27:48Z
williamsjeanne,126,2020-09-29T02:10:21Z
robertsbrandon,287,2020-11-16T23:44:51Z
jenna02,252,2021-08-15T05:27:17Z
brian03,144,2020-09-25T12:47:04Z
sjones,64,2021-02-19T07:18:06Z
clairejones,36,2021-07-19T09:02:50Z
hponce,251,2021-08-09T00:14:55Z
rlara,200,2020-03-20T14:01:39Z
claudia18,275,2020-05-27T06:16:42Z
robertsonlisa,549,2021-08-25T05:50:18Z
ortegakristine,353,2020-03-14T06:21:06Z
karen36,817,2020-08-11T01:48:51Z
floreserin,908,2021-09-13T23:46:27Z
bschmidt,151,2021-09-10T12:09:52Z
tford,250,2020-07-28T21:45:51Z
eric03,844,2020-09-18T00:01:07Z
freemanlauren,580,2020-03-06T00:55:46Z
catherine30,645,2021-07-30T21:19:05Z
knoxnatalie,228,2020-06-13T05:10:33Z
anna35,210,2021-06-26T15:34:47Z
poolebrandon,897,2021-12-19T12:31:29Z
mcain,724,2021-01-26T05:26:56Z
joseph58,508,2020-01-10T08:48:15Z
katherine72,596,2020-01-23T14:04:13Z
julielogan,754,2021-01-05T07:35:36Z
pgordon,784,2021-06-28T07:31:31Z
charlesdavid,723,2020-07-18T08:20:25Z
charles03,802,2021-10-24T17:25:47Z
jonathon54,360,2020-07-27T22:06:29Z
natalie79,550,2020-10-18T10:09:57Z
jasoncarter,986,2021-11-15T11:32:49Z
kevin88,820,2020-08-09T12:49:53Z
lisaford,376,2020-11-28T04:00:07Z
drobbins,614,2020-07-24T23:27:39Z
katherinematthews,340,2020-02-07T12:58:10Z
tinahoward,235,2020-05-17T15:22:01Z
tinahoward,983,2020-07-21T08:11:03Z
cameronhoffman,742,2020-10-13T03:58:01Z
sandra60,757,2021-12-19T19:29:59Z
alec02,347,2021-04-16T08:39:17Z
angela96,745,2020-12-09T05:59:06Z
padillarussell,942,2020-09-10T23:11:24Z
brent85,118,2020-04-07T09:09:53Z
vickijenkins,688,2021-07-16T19:43:30Z
collinswillie,431,2021-09-05T08:00:52Z
sburns,101,2021-12-05T14:29:53Z
urandolph,564,2021-03-05T16:39:38Z
catherine34,87,2021-01-01T14:39:22Z
charles82,593,2020-10-15T02:50:07Z
simpsonmiguel,774,2021-05-14T01:02:14Z
edwardschristopher,674,2021-06-24T04:10:11Z
cmiller,18,2020-05-14T22:34:33Z
dthomas,487,2020-07-05T03:13:57Z
diana15,909,2021-10-05T18:32:31Z
xrusso,168,2020-10-06T13:48:10Z
robert10,840,2020-07-14T05:08:26Z
tinahoward,902,2020-09-12T16:06:05Z
bakerjose,833,2021-09-11T20:06:44Z
donald14,89,2020-01-17T15:59:14Z
patricia57,53,2020-10-04T23:31:17Z
dawn09,259,2021-06-04T01:43:42Z
smoreno,25,2020-03-09T23:54:01Z
donnathomas,183,2021-01-14T00:34:29Z
sheila01,16,2020-10-09T21:26:34Z
koneal,41,2020-02-19T03:39:06Z
david20,147,2021-10-16T23:39:10Z
jacob58,58,2020-03-03T15:10:28Z
xandrews,185,2020-01-28T04:15:01Z
roberto79,183,2020-09-02T11:57:43Z
craig66,286,2021-03-08T08:29:36Z
pateljames,238,2021-02-08T01:15:12Z
bakerjose,217,2021-10-25T05:49:41Z
michellepark,84,2020-08-16T19:39:40Z
walkermaria,295,2020-09-06T14:14:00Z
smithkristen,115,2021-04-04T09:20:26Z
regina59,195,2020-06-20T14:59:23Z
dwilson,84,2020-09-16T19:39:36Z
lsims,81,2021-05-03T00:06:23Z
vsimpson,209,2020-03-27T08:30:46Z
markjackson,286,2021-03-28T04:53:47Z
ewhite,263,2021-09-28T18:58:23Z
csutton,190,2021-01-07T11:10:45Z
karen13,185,2020-06-03T20:32:51Z
fdouglas,273,2020-08-18T14:05:48Z
perkinskendra,281,2021-09-20T11:43:16Z
richard89,85,2021-01-28T14:15:06Z
cardenaschristopher,221,2021-07-23T14:04:01Z
dwilson,76,2020-09-18T06:48:04Z
christina44,263,2020-01-31T13:32:20Z
danielscollin,290,2021-10-29T04:34:08Z
donald11,16,2021-01-30T00:49:32Z
derek35,282,2020-12-06T02:53:47Z
nwilliams,39,2021-10-13T02:15:33Z
kevin88,9,2020-05-27T23:38:32Z
dawn84,115,2020-02-09T14:41:49Z
butlerjean,234,2021-08-04T19:04:21Z
davidbell,44,2020-08-02T19:47:16Z
andrescook,146,2021-08-26T07:32:58Z
rwhite,180,2021-09-19T07:34:50Z
nicholas53,68,2021-11-27T14:21:34Z
dawnwheeler,272,2021-01-14T17:02:31Z
john78,151,2021-02-27T12:45:32Z
jeffbooth,63,2021-01-22T23:06:20Z
robert45,229,2021-11-04T03:45:52Z
mitchellpaul,42,2020-05-22T23:37:14Z
nburton,183,2020-09-05T05:56:36Z
umullins,203,2021-10-20T04:04:25Z
hgarcia,269,2020-05-06T11:25:55Z
donna84,3,2021-07-26T10:36:35Z
morenokenneth,138,2021-02-17T10:42:49Z
hsimmons,50,2020-06-10T13:58:29Z
sandra61,106,2020-03-10T21:11:52Z
john63,118,2020-01-30T18:47:07Z
vanessawise,32,2020-12-25T17:08:18Z
amanda90,185,2021-04-05T16:45:10Z
lisa98,255,2021-07-15T01:11:10Z
mariawilson,78,2020-02-20T03:08:51Z
priscilla00,143,2021-10-30T19:23:34Z
bschmidt,148,2021-09-10T10:41:52Z
eric03,10,2020-09-17T23:25:07Z
butlerjoseph,132,2021-11-24T14:36:13Z
pamela91,24,2020-07-11T21:57:09Z
debrawalsh,978,2020-08-16T09:21:52Z
tina19,1,2021-12-02T05:51:00Z
arthur25,565,2021-11-05T00:39:26Z
tmoss,696,2020-01-19T15:18:04Z
elliottjacob,253,2021-09-06T01:27:40Z
benjamin91,710,2020-11-13T00:14:52Z
masonrogers,174,2020-04-07T22:49:44Z
snowjustin,905,2020-02-27T04:23:30Z
kevin07,453,2020-11-15T07:41:40Z
swilson,597,2020-11-26T01:46:03Z
fsmith,747,2021-04-13T14:05:02Z
michaelgarrett,933,2020-09-02T20:02:15Z
rcole,428,2021-06-22T15:49:36Z
silvajanet,915,2021-07-25T20:04:03Z
wross,144,2020-07-10T02:36:29Z
monicamartin,162,2021-10-05T18:37:59Z
jackson18,304,2020-12-31T05:55:21Z
nicole59,649,2021-08-26T18:19:17Z
johnshaw,918,2021-02-05T13:31:29Z
david10,892,2021-08-07T21:19:28Z
tina42,671,2021-10-28T18:16:08Z
russellterri,67,2020-01-14T10:19:46Z
douglaswolf,465,2021-12-17T20:54:19Z
amartin,663,2020-10-11T07:21:15Z
andreaflores,39,2020-04-27T03:43:18Z
tdavis,594,2021-07-30T19:44:15Z
lindacobb,463,2021-01-28T17:45:18Z
speterson,289,2020-11-05T14:27:22Z
whitedanielle,316,2020-10-03T03:26:55Z
bakerjose,123,2020-02-05T12:56:39Z
bakerjose,452,2021-01-23T02:20:39Z
cunninghammatthew,116,2020-06-22T04:26:54Z
johnsonmarissa,3,2021-09-21T12:04:40Z
mooredennis,978,2020-10-24T18:40:08Z
millerfrank,96,2020-11-02T11:10:02Z
jensenjohn,652,2020-03-17T06:25:46Z
tinahoward,179,2020-07-19T13:57:01Z
jessicaking,203,2020-05-13T01:32:17Z
ronnie63,154,2020-05-29T09:21:06Z
brianmoore,230,2021-04-05T20:52:30Z
singletoncarol,88,2020-12-21T18:17:29Z
sjones,87,2020-05-03T14:33:29Z
nicolas87,162,2020-08-11T13:52:30Z
joseph48,21,2019-12-28T03:59:37Z
brian76,151,2020-01-20T10:16:50Z
stephanie74,53,2021-09-13T06:02:57Z
turnertim,260,2021-06-07T00:36:55Z
angeladawson,177,2020-07-12T03:27:06Z
robert67,18,2021-07-13T08:39:36Z
vargaslouis,29,2021-05-22T10:10:32Z
vfarrell,45,2021-03-17T10:15:15Z
robertmorgan,91,2020-02-24T17:20:29Z
sfletcher,3,2021-10-11T17:52:56Z
bakerjose,148,2020-05-05T19:49:00Z
edwardlong,297,2021-12-16T02:05:46Z
bpowers,141,2020-02-12T04:53:38Z
kford,125,2020-07-20T09:12:11Z
angela21,293,2020-09-25T04:45:18Z
crawfordjoan,278,2021-07-06T05:54:16Z
brownjennifer,283,2021-04-22T07:31:32Z
shutchinson,130,2021-04-19T08:30:25Z
jacksonwilliam,43,2020-10-23T11:32:19Z
george44,272,2020-08-21T23:27:19Z
michaelgoodman,213,2020-06-23T16:01:35Z
lauraramos,46,2020-07-01T01:10:44Z
charles35,119,2020-08-09T07:10:16Z
greensamantha,208,2020-01-10T13:07:57Z
douglas57,48,2021-01-16T01:23:21Z
michaelsullivan,224,2020-11-01T23:19:03Z
perkinsmatthew,285,2020-06-29T04:39:58Z
nicole29,157,2021-10-14T10:35:47Z
gilbertdiana,100,2021-03-11T03:06:16Z
ortegamichael,185,2021-05-30T15:17:06Z
mitchellhess,131,2020-03-16T19:41:34Z
melanie02,108,2021-08-22T04:39:52Z
bortega,201,2020-06-18T06:10:24Z
andersonjoshua,116,2021-01-20T14:25:49Z
daniel36,4,2020-10-12T13:16:30Z
danaeaton,35,2021-09-04T20:47:59Z
danielle01,102,2020-09-16T17:58:20Z
mstevens,273,2021-03-23T02:01:31Z
davilarebecca,164,2020-10-02T23:06:05Z
scurtis,85,2020-05-15T13:52:17Z
laurenrobinson,82,2020-01-06T12:20:24Z
louiswalton,167,2020-04-20T05:07:06Z
ecampbell,82,2020-03-28T10:02:44Z
rebecca90,146,2021-03-24T08:46:39Z
debbieharrison,92,2020-02-20T13:59:40Z
castillokenneth,30,2021-09-30T04:24:32Z
kerri69,237,2020-08-30T14:23:27Z
davisdebra,1,2021-06-01T08:11:18Z
davidrandall,67,2021-07-22T14:04:05Z
john45,27,2021-07-02T07:45:43Z
cadams,11,2021-01-29T20:04:17Z
barnettkeith,231,2020-06-17T06:03:42Z
michelle64,280,2020-06-20T08:52:16Z
leeterri,14,2021-07-10T22:43:46Z
traviswallace,222,2020-05-19T08:04:24Z
janice43,150,2021-10-27T23:02:54Z
taraschroeder,269,2020-02-04T03:20:26Z
icombs,28,2020-07-22T16:39:21Z
eric42,288,2021-10-09T03:02:51Z
morganrobert,226,2021-05-24T15:07:51Z
wcunningham,284,2020-09-29T07:05:41Z
gcollier,154,2021-03-26T00:23:32Z
wolfecharles,291,2021-05-21T07:13:57Z
kwilson,237,2020-03-25T21:41:01Z
josephwhitaker,168,2020-07-07T04:36:49Z
robertsonlisa,199,2021-08-25T04:49:18Z
anna83,276,2020-05-13T04:38:57Z
wnelson,150,2021-10-13T00:09:57Z
erin63,45,2020-05-26T00:07:43Z
gmoore,376,2021-05-09T18:52:24Z
nicholas53,112,2021-11-27T13:15:34Z
manninggail,558,2021-10-03T10:09:53Z
davisdebra,810,2021-06-01T07:38:18Z
mfreeman,110,2021-10-17T14:41:48Z
robert45,927,2021-11-04T04:04:52Z
mgross,652,2021-06-23T02:33:29Z
nburton,419,2020-09-05T04:50:36Z
nicoleblair,89,2020-01-15T11:53:42Z
matthewrose,27,2020-07-26T03:51:14Z
john63,247,2020-01-30T19:04:07Z
bbrewer,820,2020-06-25T18:16:46Z
jaredjohnson,236,2020-07-01T10:14:41Z
njohnson,389,2020-09-20T17:40:25Z
ogarcia,419,2021-12-15T02:24:01Z
lauren90,467,2020-02-07T22:49:33Z
gcollier,295,2021-03-26T00:30:32Z
nicholas38,516,2020-10-26T09:02:51Z
spencer20,423,2021-11-28T02:36:05Z
diane39,449,2020-06-29T18:45:00Z
josephwhitaker,863,2020-07-07T04:25:49Z
lhall,265,2021-01-03T14:21:58Z
butlerjoseph,907,2021-11-24T13:31:13Z
andrea95,652,2019-12-29T15:05:36Z
janicehudson,779,2020-02-08T02:15:20Z
jessicajones,886,2020-09-13T18:07:22Z
monica91,711,2020-05-16T12:18:52Z
eholland,745,2021-12-18T15:50:28Z
kevin88,59,2021-05-21T19:36:00Z
smithkevin,207,2021-05-29T03:24:56Z
andrea06,749,2020-11-12T18:00:33Z
morganteresa,476,2021-05-12T05:10:42Z
heathermartin,462,2021-09-09T17:02:32Z
gwillis,64,2020-09-03T08:22:38Z
amandawilson,552,2021-07-11T19:48:56Z
lesliebell,303,2021-11-18T20:50:59Z
stephanie26,834,2020-10-14T16:01:36Z
fletchermelissa,966,2020-09-25T19:42:10Z
williamsdaniel,67,2020-06-30T23:52:46Z
bartlettkendra,420,2020-02-10T05:20:00Z
andrew19,344,2021-06-29T01:45:27Z
heaton,13,2021-12-21T06:32:15Z
stevenschristopher,278,2020-07-16T21:32:23Z
wardmelissa,237,2021-04-21T03:48:06Z
cobbjuan,225,2020-09-11T20:04:37Z
dawnadams,575,2021-11-24T23:05:37Z
jason65,178,2020-11-09T06:40:31Z
oscar00,625,2021-06-05T04:27:12Z
bassmanuel,66,2020-04-14T10:45:53Z
uharper,333,2021-11-10T02:45:23Z
kevin91,826,2021-02-05T14:03:42Z
pattersondonald,555,2020-01-27T15:54:10Z
tinahoward,447,2021-06-02T22:51:19Z
smata,732,2021-08-26T01:03:34Z
daniel15,861,2021-03-21T00:04:39Z
riveragina,771,2020-08-12T05:23:44Z
ewarren,51,2021-11-22T08:37:52Z
jharris,85,2020-07-15T20:25:57Z
dbrown,7,2021-04-27T09:35:59Z
parkandrew,182,2020-04-17T03:33:58Z
jesus75,159,2020-03-13T19:41:38Z
dalton87,75,2021-02-26T10:26:55Z
qhuerta,31,2021-02-16T10:11:39Z
allenjessica,192,2020-03-22T17:59:22Z
lwilliams,119,2021-11-05T05:56:56Z
juliajacobs,19,2021-02-08T09:54:43Z
michael26,112,2020-08-18T18:50:19Z
hooverernest,274,2021-08-14T11:22:48Z
stephanie74,267,2020-06-06T16:23:50Z
jenkinsjoseph,199,2020-02-26T09:19:18Z
veronica13,89,2020-09-01T10:30:26Z
hobbsadam,222,2020-03-29T18:04:12Z
mooreclinton,124,2020-06-25T23:23:39Z
bakerjose,184,2021-11-23T06:39:30Z
johnsonmelissa,58,2021-08-19T09:30:11Z
christophergibson,254,2021-10-21T17:29:49Z
mburns,166,2020-11-03T15:13:33Z
william24,63,2020-10-06T15:23:23Z
jamesdodson,16,2020-05-11T07:18:15Z
alexjoseph,169,2020-02-06T06:51:11Z
dakotacain,41,2020-09-26T15:31:41Z
michellematthews,160,2021-07-25T06:23:23Z
angelahall,291,2020-09-01T20:43:54Z
robinsonrobert,124,2020-04-07T08:27:41Z
fwilson,218,2020-12-06T23:13:31Z
mirandasusan,230,2021-08-28T06:47:06Z
teresabrown,231,2020-01-19T13:26:08Z
jacquelinewallace,182,2020-05-18T05:26:43Z
williamhouse,181,2021-07-30T07:57:42Z
melissahuff,151,2021-02-14T01:41:31Z
sglenn,187,2020-07-05T00:58:54Z
williamscassandra,207,2021-10-15T21:15:41Z
johnsonjennifer,283,2020-11-22T13:51:48Z
parkerjoseph,101,2021-01-22T03:27:47Z
curtis60,201,2020-12-31T08:33:02Z
xmoreno,38,2020-10-20T16:13:38Z
nelsonbenjamin,203,2021-03-11T16:39:59Z
ernest09,117,2021-02-08T00:24:42Z
michealsingh,134,2020-12-15T20:46:33Z
shawn06,272,2020-12-28T06:31:00Z
thomasjason,96,2021-05-22T03:45:18Z
oliverstephanie,150,2021-06-30T21:39:40Z
michael16,263,2021-11-13T02:31:29Z
christina93,101,2020-01-19T03:26:04Z
jacqueline65,91,2020-06-24T07:02:17Z
amandacarter,69,2021-03-31T00:04:25Z
lbruce,227,2021-04-02T08:49:15Z
nbooth,278,2021-05-29T14:23:43Z
natashagarrett,279,2020-03-20T21:03:30Z
william44,105,2020-12-10T22:21:51Z
william40,77,2020-08-26T02:53:28Z
lori63,171,2021-01-22T09:33:32Z
xfrank,244,2021-05-13T07:56:15Z
tgillespie,228,2020-11-24T06:46:35Z
michael34,13,2020-03-28T01:26:12Z
webbtara,62,2021-03-09T01:57:22Z
rschneider,16,2020-10-01T04:12:17Z
burnslaurie,115,2021-11-18T02:22:11Z
manninggail,16,2021-10-03T11:20:53Z
jamie27,190,2021-11-30T21:19:36Z
kmcdonald,216,2020-09-01T18:10:43Z
kmitchell,631,2020-09-17T12:20:45Z
icombs,871,2020-07-22T16:47:21Z
katherinesimon,915,2021-04-01T20:54:22Z
jenniferanderson,778,2020-04-19T08:38:00Z
alisonclark,730,2020-02-12T01:06:59Z
anna83,347,2020-05-13T06:01:57Z
jclark,479,2020-05-08T02:26:55Z
cpatterson,148,2020-06-22T15:01:04Z
isantos,302,2021-03-09T12:35:47Z
clarkcharles,150,2020-05-06T11:53:42Z
aaron54,736,2021-08-31T09:17:27Z
weberalicia,747,2020-01-20T14:04:46Z
joshua06,408,2020-09-05T10:19:24Z
nwilson,951,2021-01-11T14:16:23Z
churchsusan,678,2020-02-17T07:46:24Z
cameron70,647,2021-06-13T23:49:47Z
bbishop,438,2020-07-11T00:16:22Z
richardsontodd,494,2020-09-03T17:11:28Z
vsimon,973,2020-02-29T22:37:41Z
clarkrebekah,322,2021-07-12T00:23:37Z
idelgado,238,2021-09-29T12:39:55Z
ibeck,775,2020-12-09T05:18:05Z
gcox,812,2020-08-08T12:38:36Z
brian70,149,2020-12-04T16:03:35Z
hamiltonmichele,563,2021-07-31T01:44:14Z
georgesusan,154,2020-05-07T01:01:50Z
dodsonmichael,87,2020-08-06T23:19:46Z
georgecarl,979,2020-03-23T15:36:47Z
vjackson,115,2021-03-04T10:23:13Z
flemingrita,724,2021-10-06T04:35:34Z
reidrebecca,14,2021-02-20T06:50:48Z
nicolehall,262,2020-01-04T15:04:18Z
wsmith,650,2020-07-22T17:02:05Z
craig40,244,2021-02-08T10:50:08Z
vparker,197,2021-07-24T02:22:14Z
xheath,857,2021-09-07T11:00:11Z
fpatterson,246,2020-01-01T08:45:50Z
kevin09,983,2021-04-03T17:58:30Z
cunninghamrebecca,630,2021-11-27T11:01:08Z
kfoster,786,2019-12-24T18:50:00Z
andrewjohnson,924,2021-12-18T23:00:04Z
destrada,10,2021-10-08T04:00:48Z
curtis60,954,2020-12-31T08:02:02Z
hoconnor,2079,2021-03-15T03:12:44Z
nicole29,954,2021-10-14T11:12:47Z
littlephillip,718,2020-05-08T21:02:31Z
dwilson,466,2020-09-18T06:52:04Z
erika00,2041,2020-01-27T03:22:53Z
ericamiles,387,2021-08-06T09:16:10Z
shawn06,2408,2020-12-28T06:59:00Z
ortegamichael,411,2021-05-30T15:33:06Z
mitchellhess,2105,2020-03-16T19:40:34Z
michael16,130,2021-11-13T02:34:29Z
bwright,2950,2020-05-11T00:25:21Z
verickson,384,2021-11-04T17:13:29Z
anita05,993,2020-04-08T15:59:32Z
mstevens,1097,2021-03-23T00:52:31Z
kevin88,2506,2020-05-27T23:28:32Z
andrescook,2755,2021-08-26T08:22:58Z
william40,755,2020-08-26T02:44:28Z
xfrank,924,2021-05-13T06:50:15Z
ohester,1751,2020-07-08T04:09:57Z
matthew43,560,2020-12-16T02:18:59Z
lcannon,682,2021-10-25T21:25:19Z
michael34,146,2020-03-28T01:50:12Z
kerri69,2077,2020-08-30T13:48:27Z
davisdebra,490,2021-06-01T07:45:18Z
sullivandeborah,2914,2021-10-08T02:41:08Z
nburton,1197,2020-09-05T04:31:36Z
donna84,2378,2021-07-26T10:40:35Z
sjones,50,2021-02-19T08:24:06Z
traviswallace,723,2020-05-19T08:17:24Z
john63,135,2020-01-30T19:26:07Z
janice43,2678,2021-10-27T23:04:54Z
johnsonvictoria,93,2021-08-24T16:17:02Z
ogarcia,1678,2021-12-15T03:41:01Z
gcollier,2371,2021-03-25T23:38:32Z
icooper,2886,2020-09-02T19:45:18Z
nthomas,1689,2020-04-12T02:51:27Z
fosterjoseph,2719,2021-11-08T16:50:22Z
vmathews,101,2020-06-08T03:37:33Z
kevin88,1456,2020-03-04T19:20:13Z
wolfecharles,2907,2021-05-21T05:37:57Z
mcdonaldjoshua,1561,2021-11-23T12:58:38Z
ghicks,632,2020-12-22T18:27:59Z
ssmith,2554,2020-01-29T10:22:40Z
bschmidt,2908,2021-09-10T11:14:52Z
diane01,2169,2021-07-30T08:00:17Z
freemanlauren,1401,2020-03-06T01:37:46Z
morganrivera,1955,2021-06-03T10:24:35Z
poolebrandon,96,2021-12-19T11:28:29Z
rebecca89,733,2020-03-08T10:38:52Z
joshua06,423,2020-09-05T10:16:24Z
andrea95,1320,2019-12-29T14:44:36Z
jordan07,2379,2020-09-19T17:35:33Z
amandabradford,1670,2020-12-16T14:15:16Z
contreraspatrick,2222,2020-04-22T04:33:00Z
jacksonjaime,2758,2021-01-13T18:48:16Z
charles03,2806,2021-10-24T18:07:47Z
smithkevin,1394,2021-05-29T03:26:56Z
talexander,2758,2021-03-27T20:51:13Z
kevin88,2661,2020-08-09T13:23:53Z
dbradford,812,2021-03-20T08:02:57Z
idelgado,2368,2021-09-29T13:34:55Z
leebrian,638,2021-10-08T05:01:38Z
katherinematthews,867,2020-02-07T12:09:10Z
tinahoward,1816,2020-05-17T14:59:01Z
johnbrowning,663,2020-09-10T06:54:57Z
brian70,2295,2020-12-04T16:14:35Z
xhicks,1940,2020-11-07T13:27:34Z
williamsdaniel,1969,2020-07-01T00:07:46Z
tmoss,2002,2020-01-19T14:37:04Z
masonrogers,2308,2020-04-07T23:29:44Z
stevenschristopher,372,2020-07-16T21:52:23Z
catherine34,2948,2021-01-01T13:58:22Z
wsmith,2069,2020-07-22T17:10:05Z
rcole,627,2021-06-22T16:08:36Z
michael86,1318,2021-12-03T19:40:30Z
bakerjose,862,2020-07-20T07:38:43Z
michellepark,1348,2020-08-16T19:21:40Z
bpowers,1946,2020-02-12T04:14:38Z
smitherik,1756,2021-05-16T04:40:25Z
luisweaver,808,2020-08-08T07:27:23Z
jonesalicia,1474,2020-05-12T11:02:50Z
jacksonwilliam,1172,2020-10-23T11:11:19Z
michaelgoodman,1569,2020-06-23T16:18:35Z
omarcharles,1344,2021-02-08T04:13:15Z
melissa04,2867,2021-12-21T10:27:00Z
jamessmith,2574,2021-12-05T04:25:08Z
ogallegos,2459,2021-02-19T11:14:40Z
michaelsullivan,45,2020-11-01T23:18:03Z
nelsonbenjamin,106,2021-03-11T17:34:59Z
qdavis,1211,2021-04-12T00:19:54Z
nelsonlisa,1763,2020-03-15T23:06:38Z
thomasjason,809,2021-05-22T04:09:18Z
oliverstephanie,2902,2021-06-30T22:28:40Z
robert87,1987,2021-05-06T04:33:29Z
christina93,1204,2020-01-19T03:12:04Z
andersonjoshua,2290,2021-01-20T14:25:49Z
amandacarter,1612,2021-03-31T00:04:25Z
daniel36,1850,2020-10-12T13:58:30Z
wilsonchristina,1973,2020-06-30T15:37:20Z
noah44,2358,2021-01-22T14:32:11Z
dawn84,497,2020-02-09T15:16:49Z
lambmatthew,1546,2020-06-17T07:54:02Z
ecampbell,2904,2020-03-28T09:27:44Z
gmoore,1528,2021-05-09T19:50:24Z
webbtara,1727,2021-03-09T02:33:22Z
julie19,1851,2020-11-19T08:24:47Z
dfisher,1378,2021-07-14T13:22:02Z
fpace,1056,2020-04-17T05:15:43Z
jeffbooth,2468,2021-01-23T00:06:20Z
john45,1630,2021-07-02T07:33:43Z
williamsdouglas,2263,2021-11-04T14:46:23Z
umullins,2826,2021-10-20T03:58:25Z
hgarcia,844,2020-05-06T10:58:55Z
joshua87,2703,2019-12-26T06:04:24Z
bbrewer,1087,2020-06-25T18:27:46Z
hponce,1609,2021-08-08T23:00:55Z
bonnie54,763,2020-09-27T03:04:44Z
lisa98,175,2021-07-15T00:41:10Z
pfields,47,2021-01-26T02:43:22Z
claudia18,2597,2020-05-27T06:44:42Z
josephwhitaker,2170,2020-07-07T04:44:49Z
alisonclark,2417,2020-02-12T00:52:59Z
donnadean,213,2021-12-10T14:44:27Z
ethansmith,2723,2019-12-26T00:15:07Z
lhall,2703,2021-01-03T14:32:58Z
anna83,2711,2020-05-13T05:01:57Z
floreserin,1237,2021-09-13T23:06:27Z
cpatterson,599,2020-06-22T14:09:04Z
isantos,651,2021-03-09T12:05:47Z
clarkcharles,955,2020-05-06T12:02:42Z
christian34,1637,2021-01-27T13:23:30Z
contrerasronald,1957,2020-06-27T20:55:54Z
danielle11,1475,2020-03-12T23:58:22Z
colleen75,306,2021-11-28T00:49:57Z
prestonadkins,1320,2021-10-11T06:25:25Z
savannah49,38,2020-05-10T13:39:28Z
cardenaschristopher,2021,2021-07-23T15:14:01Z
perkinsmatthew,1625,2020-06-29T03:22:58Z
ernest09,1339,2021-02-08T00:21:42Z
claudiashelton,2747,2020-03-15T11:50:15Z
gilbertdiana,2800,2021-03-11T01:57:16Z
melanie02,2817,2021-08-22T04:36:52Z
fguerra,1464,2020-07-19T17:19:27Z
usherman,772,2021-03-25T13:34:46Z
caindavid,2289,2021-01-16T08:44:44Z
lbruce,2375,2021-04-02T08:25:15Z
nbooth,2498,2021-05-29T15:05:43Z
tgillespie,89,2020-11-24T07:44:35Z
kristi90,41,2021-10-05T06:15:47Z
burnslaurie,8,2021-11-18T02:00:11Z
dawnwheeler,494,2021-01-14T17:33:31Z
john45,162,2021-07-02T08:20:43Z
wbell,193,2021-02-06T23:39:41Z
williamsdouglas,369,2021-11-04T14:05:23Z
nburton,376,2020-09-05T04:25:36Z
matthewrose,358,2020-07-26T04:32:14Z
morenokenneth,2,2021-02-17T09:41:49Z
traviswallace,161,2020-05-19T08:01:24Z
christopherchandler,391,2020-10-22T16:20:22Z
amanda90,95,2021-04-05T16:31:10Z
rlara,30,2020-03-20T13:22:39Z
njohnson,194,2020-09-20T17:51:25Z
eric42,496,2021-10-09T02:37:51Z
icooper,435,2020-09-02T20:24:18Z
katherinesimon,452,2021-04-01T21:34:22Z
claudia18,275,2020-05-27T06:57:42Z
marshallmelanie,309,2021-08-05T09:08:49Z
donnadean,246,2021-12-10T13:27:27Z
floreserin,92,2021-09-13T22:43:27Z
erin63,474,2020-05-26T00:01:43Z
rkeller,349,2020-01-18T23:24:53Z
eric03,320,2020-09-17T22:50:07Z
knoxnatalie,335,2020-06-13T04:02:33Z
rebecca89,17,2020-03-08T11:49:52Z
weberalicia,36,2020-01-20T13:23:46Z
julielogan,7,2021-01-05T08:41:36Z
pgordon,102,2021-06-28T06:50:31Z
churchsusan,244,2020-02-17T08:30:24Z
jeanette42,385,2020-09-26T18:59:05Z
eholland,139,2021-12-18T16:46:28Z
deborahsullivan,257,2021-04-08T11:14:43Z
prattjohn,30,2021-08-25T02:23:40Z
qreed,377,2021-02-03T05:48:17Z
lisaford,218,2020-11-28T03:32:07Z
drobbins,40,2020-07-24T22:50:39Z
krowe,84,2021-02-27T02:26:21Z
stephanie26,211,2020-10-14T15:23:36Z
debrawalsh,243,2020-08-16T09:10:52Z
brian70,480,2020-12-04T15:49:35Z
padillarussell,45,2020-09-10T22:02:24Z
qfoster,111,2020-12-31T21:49:28Z
tmoss,294,2020-01-19T15:03:04Z
sgraham,292,2021-11-25T05:28:20Z
alexhughes,221,2020-12-18T10:32:03Z
kevin07,21,2020-11-15T06:43:40Z
dana57,266,2020-10-07T05:00:48Z
charles82,23,2020-10-15T02:10:07Z
reidrebecca,145,2021-02-20T07:18:48Z
cobbjuan,58,2020-09-11T19:23:37Z
dawnadams,144,2021-11-24T23:34:37Z
websterjamie,276,2020-03-09T23:28:18Z
kirktina,229,2021-02-15T17:08:41Z
kevin09,308,2021-04-03T18:04:30Z
tina42,205,2021-10-28T19:03:08Z
trevinomichael,25,2020-11-15T05:21:33Z
kevin91,256,2021-02-05T14:03:42Z
smata,204,2021-08-25T23:52:34Z
wilsontodd,449,2021-08-16T12:22:16Z
jensenjohn,207,2020-03-17T05:56:46Z
patricia57,670,2020-10-04T23:59:17Z
jharris,547,2020-07-15T20:10:57Z
donnathomas,849,2021-01-14T01:24:29Z
sandrabowen,450,2020-04-11T23:36:30Z
lharris,261,2021-01-12T03:52:49Z
brianmoore,830,2021-04-05T19:43:30Z
piercedavid,744,2021-01-28T20:49:20Z
sjones,742,2020-05-03T14:30:29Z
brandtcharles,113,2020-03-11T14:46:41Z
ernest09,102,2021-02-08T00:21:42Z
danielclark,86,2021-06-18T08:20:22Z
michael16,36,2021-11-13T01:32:29Z
melanie02,51,2021-08-22T04:10:52Z
fguerra,445,2020-07-19T16:43:27Z
jacqueline65,303,2020-06-24T07:56:17Z
daniel36,32,2020-10-12T13:42:30Z
cristianedwards,106,2021-10-22T20:04:59Z
danielle01,173,2020-09-16T16:52:20Z
derek35,148,2020-12-06T04:00:47Z
nwilliams,469,2021-10-13T00:59:33Z
noah44,31,2021-01-22T13:38:11Z
kevin88,327,2020-05-27T23:01:32Z
scurtis,343,2020-05-15T14:23:17Z
dawn84,126,2020-02-09T14:34:49Z
butlerjean,363,2021-08-04T18:54:21Z
parsonschristopher,79,2021-05-20T02:37:47Z
christopher34,133,2021-03-26T06:47:00Z
rwhite,485,2021-09-19T07:52:50Z
michael34,29,2020-03-28T02:26:12Z
rschneider,433,2020-10-01T04:13:17Z
debbieharrison,425,2020-02-20T12:58:40Z
woodsmichelle,1,2019-12-29T02:30:53Z
mvega,436,2020-12-19T14:07:41Z
mfreeman,220,2021-10-17T13:52:48Z
jeffbooth,96,2021-01-23T00:28:20Z
michelle64,403,2020-06-20T08:07:16Z
brian03,295,2020-09-25T13:29:04Z
sjones,36,2021-02-19T07:54:06Z
hsimmons,474,2020-06-10T14:13:29Z
marksjoshua,9,2020-12-09T21:55:46Z
vanessawise,176,2020-12-25T17:23:18Z
taraschroeder,333,2020-02-04T03:06:26Z
angelaroberts,58,2020-09-10T04:52:30Z
bonnie54,333,2020-09-27T03:43:44Z
ogarcia,143,2021-12-15T03:36:01Z
wcunningham,79,2020-09-29T06:59:41Z
fosterjoseph,465,2021-11-08T16:33:22Z
ghicks,129,2020-12-22T18:24:59Z
ortegakristine,19,2020-03-14T07:16:06Z
anna83,46,2020-05-13T05:55:57Z
morrisonsara,45,2020-02-14T12:34:25Z
katherine72,433,2020-01-23T14:09:13Z
kevin99,420,2020-10-08T15:05:51Z
jordan07,259,2020-09-19T18:00:33Z
amandabradford,59,2020-12-16T15:43:16Z
daniellehill,31,2020-04-08T07:18:59Z
charles03,327,2021-10-24T17:54:47Z
sjackson,6,2020-06-16T12:39:15Z
wilsonjason,365,2020-09-08T11:15:12Z
alec08,246,2020-07-05T19:09:29Z
amandawilson,403,2021-07-11T19:59:56Z
tinahoward,345,2020-10-11T13:51:04Z
tinahoward,255,2020-07-21T08:46:03Z
elliottjacob,232,2021-09-06T02:18:40Z
vickijenkins,214,2021-07-16T18:38:30Z
aprilmcdonald,233,2021-01-29T16:58:24Z
andrew19,447,2021-06-29T01:39:27Z
urandolph,20,2021-03-05T15:45:38Z
stevenschristopher,461,2020-07-16T22:13:23Z
wardmelissa,2,2021-04-21T04:32:06Z
srusso,6,2021-11-17T01:21:44Z
silvajanet,310,2021-07-25T19:30:03Z
monicamartin,64,2021-10-05T17:35:59Z
coopersamantha,216,2020-09-09T04:44:32Z
janice43,63,2021-10-27T23:48:54Z
jaredjohnson,438,2020-07-01T09:55:41Z
xsimpson,221,2021-10-20T04:48:06Z
crogers,399,2020-12-12T05:07:57Z
mcdonaldjoshua,346,2021-11-23T12:04:38Z
kwilson,224,2020-03-25T21:17:01Z
karen36,378,2020-08-11T01:46:51Z
wnelson,24,2021-10-13T00:33:57Z
racevedo,128,2021-03-13T04:37:04Z
freemanlauren,229,2020-03-06T00:43:46Z
anna35,466,2021-06-26T15:44:47Z
santostara,317,2020-12-29T13:11:31Z
butlerjoseph,22,2021-11-24T13:51:13Z
danielle11,20,2020-03-13T00:36:22Z
mcain,378,2021-01-26T05:20:56Z
jessicajones,211,2020-09-13T17:42:22Z
michaelbrown,315,2021-03-20T04:08:04Z
monica91,448,2020-05-16T11:51:52Z
chad68,344,2020-09-15T17:46:13Z
natalie79,400,2020-10-18T10:44:57Z
talexander,499,2021-03-27T21:39:13Z
jvang,55,2020-03-01T05:20:09Z
dbradford,14,2021-03-20T07:31:57Z
gwillis,284,2020-09-03T08:22:38Z
nmorton,289,2020-03-20T17:45:24Z
rasmussencurtis,217,2021-08-26T01:33:28Z
leebrian,360,2021-10-08T06:07:38Z
lesliebell,205,2021-11-18T20:17:59Z
hamiltonmichele,99,2021-07-31T02:11:14Z
aharris,238,2021-09-24T02:13:19Z
xhicks,245,2020-11-07T14:10:34Z
fletchermelissa,377,2020-09-25T19:38:10Z
williamsdaniel,53,2020-07-01T00:14:46Z
arthur25,124,2021-11-04T23:47:26Z
vjackson,106,2021-03-04T10:55:13Z
jason65,301,2020-11-09T05:05:31Z
craig40,427,2021-02-08T09:17:08Z
cmiller,27,2020-05-14T22:19:33Z
vparker,498,2021-07-24T02:35:14Z
nicole59,358,2021-08-26T16:59:17Z
david10,305,2021-08-07T20:56:28Z
jamesfleming,404,2020-07-10T06:55:12Z
vdrake,389,2021-04-29T02:36:47Z
bakerjose,322,2021-09-11T20:38:44Z
speterson,270,2020-11-05T13:58:22Z
cunninghammatthew,222,2020-06-22T04:35:54Z
richard04,27,2021-08-22T13:48:03Z
tdavis,380,2021-07-30T19:59:15Z
tinahoward,77,2020-07-19T13:30:01Z
lindacobb,352,2021-01-28T17:31:18Z
sandra17,780,2020-02-23T00:46:25Z
gardnerjohn,236,2021-03-26T11:20:03Z
parkandrew,334,2020-04-17T03:38:58Z
dalton87,328,2021-02-26T10:04:55Z
singletoncarol,556,2020-12-21T19:41:29Z
ireed,180,2021-02-07T12:52:51Z
joseph48,533,2019-12-28T03:39:37Z
stephanie74,210,2020-06-06T16:25:50Z
stephanie74,673,2021-09-13T07:32:57Z
turnertim,408,2021-06-07T00:23:55Z
hobbsadam,834,2020-03-29T17:42:12Z
roberto79,328,2020-09-02T12:55:43Z
brandonford,703,2020-05-30T21:00:36Z
wward,298,2021-06-01T10:03:01Z
hintonmitchell,348,2020-09-02T10:08:53Z
dustin87,173,2020-12-26T09:07:12Z
sfletcher,640,2021-10-11T18:30:56Z
michael86,242,2021-12-03T20:04:30Z
dsmith,51,2020-01-11T00:40:44Z
robert45,228,2021-11-04T03:12:52Z
mgross,410,2021-06-23T01:22:29Z
cadams,419,2021-01-29T19:12:17Z
kmcdonald,80,2020-09-01T17:40:43Z
joelandrews,7,2021-06-28T00:41:48Z
johnsonvictoria,402,2021-08-24T15:33:02Z
morganrobert,138,2021-05-24T14:55:51Z
lisa98,277,2021-07-15T00:29:10Z
pfields,229,2021-01-26T03:00:22Z
mariawilson,230,2020-02-20T03:02:51Z
spencer20,435,2021-11-28T02:23:05Z
kevin88,435,2020-03-04T20:31:13Z
wolfecharles,236,2021-05-21T06:29:57Z
ssmith,445,2020-01-29T11:07:40Z
lhall,39,2021-01-03T14:23:58Z
jclark,310,2020-05-08T02:07:55Z
priscilla00,43,2021-10-30T20:02:34Z
tford,287,2020-07-28T22:44:51Z
kevin33,204,2021-12-21T22:12:05Z
clarkcharles,287,2020-05-06T13:28:42Z
christian34,382,2021-01-27T14:32:30Z
poolebrandon,334,2021-12-19T12:06:29Z
andrea95,476,2019-12-29T14:21:36Z
kevin88,323,2021-09-16T17:28:38Z
janicehudson,487,2020-02-08T01:53:20Z
joseph58,399,2020-01-10T08:01:15Z
savannah49,275,2020-05-10T14:24:28Z
karen10,95,2021-12-09T19:11:28Z
nwilson,399,2021-01-11T14:32:23Z
patrick21,415,2020-11-03T11:22:47Z
contreraspatrick,319,2020-04-22T04:09:00Z
jonathon54,68,2020-07-27T23:00:29Z
clarkrebekah,223,2021-07-12T01:01:37Z
kevin88,332,2020-08-09T13:29:53Z
andrea06,247,2020-11-12T17:37:33Z
carrie28,134,2021-04-20T06:55:01Z
idelgado,414,2021-09-29T12:45:55Z
ibeck,308,2020-12-09T04:49:05Z
pamela91,68,2020-07-11T23:21:09Z
katherinematthews,284,2020-02-07T11:59:10Z
tinahoward,111,2020-05-17T14:22:01Z
adickson,374,2021-09-26T20:42:14Z
lmartin,451,2021-10-18T13:00:46Z
georgesusan,36,2020-05-07T00:34:50Z
benjamin91,210,2020-11-13T00:03:52Z
mcneilnicole,370,2021-10-09T01:16:20Z
masonrogers,40,2020-04-07T22:34:44Z
barnesmichael,54,2021-09-20T02:11:57Z
collinswillie,438,2021-09-05T07:03:52Z
snowjustin,466,2020-02-27T04:49:30Z
sburns,12,2021-12-05T13:45:53Z
flemingrita,238,2021-10-06T04:01:34Z
wsmith,454,2020-07-22T16:31:05Z
rcole,306,2021-06-22T15:18:36Z
wross,441,2020-07-10T03:12:29Z
dthomas,82,2020-07-05T04:09:57Z
robertstewart,89,2021-05-02T10:06:44Z
hannah94,357,2021-10-25T03:47:28Z
xheath,374,2021-09-07T11:37:11Z
johnshaw,280,2021-02-05T12:42:29Z
diana15,82,2021-10-05T17:30:31Z
bassmanuel,465,2020-04-14T11:20:53Z
tinahoward,280,2020-09-12T15:48:05Z
jferrell,312,2021-01-17T13:54:49Z
russellterri,419,2020-01-14T10:21:46Z
douglaswolf,169,2021-12-17T21:29:19Z
whitedanielle,157,2020-10-03T04:07:55Z
sandersrobert,265,2021-08-16T11:17:17Z
tinahoward,431,2021-06-02T23:25:19Z
morrisjake,376,2020-07-17T22:49:34Z
daniel15,33,2021-03-21T00:14:39Z
mooredennis,10,2020-10-24T19:29:08Z
millerfrank,59,2020-11-02T11:07:02Z
destrada,323,2021-10-08T04:04:48Z
ronnie63,424,2020-05-29T08:25:06Z
conradkevin,373,2020-12-24T18:46:17Z
christina93,396,2020-01-19T02:19:04Z
sheppardjared,367,2021-09-19T22:19:15Z
bwright,34,2020-05-11T00:42:21Z
bortega,235,2020-06-18T05:50:24Z
jacksonduane,383,2020-09-03T18:05:57Z
usherman,220,2021-03-25T12:53:46Z
mark38,224,2021-06-11T23:15:44Z
travis92,84,2021-08-06T20:04:40Z
iclark,342,2020-07-04T18:42:41Z
mstevens,365,2021-03-23T01:35:31Z
davidgilbert,313,2020-11-19T03:39:21Z
louiswalton,397,2020-04-20T04:03:06Z
lcannon,484,2021-10-25T21:43:19Z
kevin88,27,2020-06-19T06:03:11Z
webbtara,262,2021-03-09T02:16:22Z
gcarpenter,401,2020-09-29T21:29:27Z
nicholas53,198,2021-11-27T13:31:34Z
dfisher,241,2021-07-14T13:41:02Z
davisdebra,216,2021-06-01T07:50:18Z
williamsjeanne,89,2020-09-29T02:57:21Z
barnettkeith,191,2020-06-17T05:19:42Z
rothann,364,2020-03-26T19:10:20Z
natasharogers,416,2020-03-21T07:06:16Z
hgarcia,203,2020-05-06T10:22:55Z
joshua87,358,2019-12-26T06:11:24Z
george79,306,2021-03-02T15:43:19Z
romanrobert,239,2020-11-29T09:41:03Z
john63,468,2020-01-30T18:40:07Z
meadowsheather,498,2021-05-04T13:33:54Z
hponce,362,2021-08-09T00:01:55Z
icombs,38,2020-07-22T16:46:21Z
andrewdaniels,351,2021-05-06T15:06:01Z
bjackson,220,2020-06-01T02:50:28Z
michael65,6,2021-07-07T14:04:02Z
cmcdonald,245,2021-03-14T16:27:10Z
gcollier,293,2021-03-25T23:38:32Z
nicholas38,310,2020-10-26T08:20:51Z
vmathews,421,2020-06-08T03:46:33Z
diane39,145,2020-06-29T18:41:00Z
jenniferanderson,264,2020-04-19T07:26:00Z
alisonclark,277,2020-02-12T00:42:59Z
aburgess,256,2021-01-21T22:21:16Z
ethansmith,212,2019-12-25T23:47:07Z
dgarcia,113,2019-12-29T06:30:08Z
morganrivera,58,2021-06-03T11:08:35Z
aaron54,355,2021-08-31T08:11:27Z
colleen75,13,2021-11-27T23:41:57Z
prestonadkins,443,2021-10-11T06:24:25Z
john65,21,2021-05-23T10:42:18Z
froberts,385,2021-04-14T06:48:04Z
charlesdavid,150,2020-07-18T07:48:25Z
richardsontodd,272,2020-09-03T16:55:28Z
jacksonjaime,275,2021-01-13T19:49:16Z
kevin88,185,2021-05-21T20:12:00Z
vsimon,193,2020-02-29T23:01:41Z
derek35,1707,2020-12-06T03:58:47Z
nwilliams,1103,2021-10-13T02:01:33Z
shicks,992,2021-02-19T05:15:39Z
laurenrobinson,1109,2020-01-06T13:02:24Z
davidgilbert,60,2020-11-19T05:09:21Z
louiswalton,1167,2020-04-20T04:26:06Z
rwhite,2135,2021-09-19T08:02:50Z
kevin88,1857,2020-06-19T04:31:11Z
josephellis,2209,2020-11-09T16:05:19Z
manninggail,1478,2021-10-03T10:23:53Z
dawnwheeler,1926,2021-01-14T18:01:31Z
davidrandall,1648,2021-07-22T14:43:05Z
mfreeman,2039,2021-10-17T14:23:48Z
mbautista,954,2020-07-25T06:54:54Z
rothann,856,2020-03-26T18:38:20Z
matthewrose,1017,2020-07-26T03:26:14Z
clairejones,2580,2021-07-19T07:57:50Z
taraschroeder,1297,2020-02-04T03:34:26Z
eric42,2993,2021-10-09T03:22:51Z
cmcdonald,2196,2021-03-14T16:26:10Z
wcunningham,717,2020-09-29T07:47:41Z
katherinesimon,523,2021-04-01T21:49:22Z
mariawilson,2792,2020-02-20T02:04:51Z
marshallmelanie,2356,2021-08-05T09:46:49Z
erin63,2796,2020-05-26T00:35:43Z
edwardslisa,46,2020-09-17T04:26:16Z
knoxnatalie,314,2020-06-13T03:56:33Z
morrisonsara,633,2020-02-14T13:01:25Z
kevin99,2008,2020-10-08T15:03:51Z
charlesdavid,2911,2020-07-18T07:59:25Z
michael04,2852,2021-05-01T23:00:40Z
bbishop,1273,2020-07-11T00:30:22Z
jeanette42,2158,2020-09-26T17:41:05Z
natalie79,1605,2020-10-18T09:42:57Z
jasoncarter,1706,2021-11-15T11:31:49Z
clarkrebekah,2829,2021-07-12T00:51:37Z
mharris,2332,2020-06-24T22:30:52Z
krowe,58,2021-02-27T02:12:21Z
tinahoward,247,2020-07-21T07:53:03Z
lesliebell,2095,2021-11-18T21:40:59Z
cameronhoffman,2105,2020-10-13T04:35:01Z
tina19,1485,2021-12-02T05:55:00Z
georgesusan,36,2020-05-07T00:42:50Z
nicole17,1568,2021-08-26T09:13:44Z
aprilmcdonald,2695,2021-01-29T16:29:24Z
collinswillie,2553,2021-09-05T07:45:52Z
sburns,511,2021-12-05T13:26:53Z
kevin07,2761,2020-11-15T08:06:40Z
fsmith,1913,2021-04-13T14:36:02Z
charles82,1249,2020-10-15T02:53:07Z
cobbjuan,233,2020-09-11T19:45:37Z
wadams,2236,2021-12-05T04:37:03Z
nrollins,2850,2021-10-15T05:29:07Z
vparker,2060,2021-07-24T02:03:14Z
dthomas,2914,2020-07-05T04:17:57Z
smallrobert,1149,2020-09-08T14:06:24Z
kirktina,2077,2021-02-15T16:33:41Z
ambergolden,20,2021-11-27T09:05:20Z
sbeck,2142,2021-06-17T10:03:04Z
desireeguerrero,972,2020-12-31T22:40:09Z
dakotacain,1289,2020-09-26T15:58:41Z
darrell23,685,2020-07-27T21:35:35Z
angelahall,181,2020-09-01T20:15:54Z
vsimpson,654,2020-03-27T08:03:46Z
brownjennifer,122,2021-04-22T08:22:32Z
robinsonrobert,2990,2020-04-07T08:02:41Z
ewhite,1527,2021-09-28T17:48:23Z
joshua82,1593,2021-05-25T09:47:31Z
charles35,491,2020-08-09T07:40:16Z
ajarvis,811,2021-10-10T18:02:30Z
richard89,2134,2021-01-28T14:53:06Z
ojohnson,671,2020-01-06T05:21:37Z
parkerjoseph,1765,2021-01-22T03:15:47Z
michealsingh,1771,2020-12-15T19:42:33Z
christina44,2328,2020-01-31T13:47:20Z
donald11,395,2021-01-30T00:50:32Z
jacksonduane,660,2020-09-03T17:53:57Z
haustin,1760,2021-03-01T21:20:03Z
mark38,1663,2021-06-11T22:40:44Z
cristianedwards,1135,2021-10-22T20:02:59Z
walkerstephanie,1874,2020-02-10T14:16:27Z
natashagarrett,2916,2020-03-20T21:33:30Z
diane45,2562,2020-07-31T16:30:07Z
travis92,2021,2021-08-06T20:36:40Z
scurtis,1270,2020-05-15T14:28:17Z
butlerjean,304,2021-08-04T18:08:21Z
christopher34,2217,2021-03-26T07:11:00Z
lori63,2680,2021-01-22T08:24:32Z
rebecca90,2249,2021-03-24T09:12:39Z
gcarpenter,1747,2020-09-29T21:28:27Z
rschneider,175,2020-10-01T04:30:17Z
woodsmichelle,706,2019-12-29T02:56:53Z
mvega,2121,2020-12-19T13:54:41Z
mitchellpaul,1504,2020-05-23T00:35:14Z
mgross,597,2021-06-23T02:11:29Z
kmcdonald,1562,2020-09-01T17:24:43Z
michelle64,657,2020-06-20T08:51:16Z
michael54,1706,2021-05-12T10:27:30Z
nicoleblair,2345,2020-01-15T12:02:42Z
george79,781,2021-03-02T16:27:19Z
sandra61,2033,2020-03-10T21:11:52Z
marksjoshua,1326,2020-12-09T22:31:46Z
joelandrews,1362,2021-06-28T02:00:48Z
icombs,716,2020-07-22T17:18:21Z
bjackson,125,2020-06-01T02:39:28Z
blittle,1990,2021-05-03T13:28:22Z
lauren90,2311,2020-02-07T23:28:33Z
nicholas38,13,2020-10-26T08:38:51Z
diane39,2360,2020-06-29T18:42:00Z
ortegakristine,1786,2020-03-14T07:08:06Z
aburgess,1234,2021-01-21T21:30:16Z
racevedo,2337,2021-03-13T05:12:04Z
narnold,1716,2020-12-30T07:24:30Z
butlerjoseph,1786,2021-11-24T14:36:13Z
jacksonsteven,2969,2021-05-29T15:10:40Z
kevin88,2502,2021-09-16T16:10:38Z
mcain,1343,2021-01-26T04:05:56Z
itran,1390,2021-05-06T10:33:44Z
nwilson,2142,2021-01-11T13:20:23Z
pgordon,2663,2021-06-28T06:58:31Z
julie69,1936,2020-06-26T22:28:22Z
kevin88,1031,2021-05-21T19:13:00Z
jonathon54,2839,2020-07-27T22:34:29Z
jvang,1459,2020-03-01T05:16:09Z
prattjohn,2909,2021-08-25T01:17:40Z
walshbrian,209,2020-01-28T16:57:04Z
alec08,1227,2020-07-05T19:56:29Z
lisaford,1483,2020-11-28T04:09:07Z
michellematthews,1656,2021-07-25T06:41:23Z
tnelson,2125,2021-01-23T05:11:03Z
jackparker,2168,2021-10-16T08:14:30Z
markjackson,980,2021-03-28T05:13:47Z
bianca98,2452,2021-03-19T21:28:38Z
walkercaroline,2674,2020-02-04T20:50:00Z
teresabrown,1505,2020-01-19T14:21:08Z
george44,128,2020-08-21T23:29:19Z
omcdonald,1328,2021-08-25T18:31:26Z
williamscassandra,136,2021-10-15T20:11:41Z
douglas57,2262,2021-01-15T23:54:21Z
ronald94,871,2021-03-28T05:56:47Z
phicks,218,2021-11-20T16:46:47Z
brandtcharles,1315,2020-03-11T15:59:41Z
xmoreno,226,2020-10-20T15:54:38Z
omercer,2266,2021-02-11T15:28:29Z
fowlerjack,2056,2021-04-07T17:39:17Z
wrightsandra,531,2021-06-16T18:28:30Z
danielscollin,1432,2021-10-29T03:37:08Z
matthewbrown,1984,2020-03-08T01:37:59Z
danielclark,1364,2021-06-18T08:01:22Z
sheppardjared,2515,2021-09-19T22:33:15Z
jacqueline65,2681,2020-06-24T08:12:17Z
bortega,1178,2020-06-18T06:10:24Z
sherri82,38,2020-07-24T03:05:14Z
danielle01,1021,2020-09-16T17:25:20Z
william44,262,2020-12-10T21:50:51Z
robertbutler,882,2020-10-02T01:55:51Z
edwardsantana,2995,2020-10-20T12:22:59Z
scottmontes,2553,2021-07-20T21:26:09Z
parsonschristopher,1486,2021-05-20T02:21:47Z
oknight,2068,2021-09-01T13:38:47Z
william76,278,2021-04-16T22:57:29Z
castillokenneth,1460,2021-09-30T04:13:32Z
burnslaurie,652,2021-11-18T02:56:11Z
jamie27,2737,2021-11-30T20:08:36Z
cadams,1689,2021-01-29T19:52:17Z
folson,710,2020-11-14T08:08:19Z
robertsbrandon,488,2020-11-16T22:37:51Z
wbell,526,2021-02-07T00:00:41Z
natasharogers,2136,2020-03-21T06:36:16Z
morenokenneth,428,2021-02-17T09:39:49Z
christopherchandler,327,2020-10-22T17:36:22Z
amanda90,1431,2021-04-05T16:35:10Z
brian26,920,2021-11-28T16:10:16Z
jaredjohnson,767,2020-07-01T10:59:41Z
njohnson,1588,2020-09-20T17:52:25Z
morganrobert,2849,2021-05-24T15:10:51Z
xsimpson,358,2021-10-20T04:52:06Z
kwilson,1974,2020-03-25T22:18:01Z
jenniferanderson,2284,2020-04-19T07:29:00Z
karen36,739,2020-08-11T01:55:51Z
jclark,691,2020-05-08T03:01:55Z
kevin33,1790,2021-12-21T22:32:05Z
rkeller,2911,2020-01-18T23:44:53Z
dgarcia,1322,2019-12-29T06:18:08Z
santostara,2249,2020-12-29T12:59:31Z
janicehudson,387,2020-02-08T03:20:20Z
michaelbrown,2509,2021-03-20T04:38:04Z
annette44,549,2020-06-07T23:37:06Z
monica91,1357,2020-05-16T12:02:52Z
froberts,1337,2021-04-14T07:08:04Z
patrick21,522,2020-11-03T11:26:47Z
michaelcollins,2476,2021-10-15T05:21:41Z
eholland,1050,2021-12-18T16:58:28Z
sjackson,2151,2020-06-16T12:08:15Z
johnsonpatrick,321,2020-11-15T03:40:37Z
heathermartin,1285,2021-09-09T16:44:32Z
gwillis,1654,2020-09-03T07:01:38Z
stephanie74,719,2020-04-29T18:48:08Z
jacob77,674,2021-08-01T07:00:09Z
hobbsadam,1621,2020-03-29T17:41:12Z
roberto79,2848,2020-09-02T12:58:43Z
brandonford,1263,2020-05-30T21:33:36Z
robertandersen,1458,2021-11-11T11:46:59Z
lori63,1674,2020-06-09T11:00:20Z
dsmith,1180,2020-01-10T23:59:44Z
stephenfowler,105,2020-01-04T10:41:14Z
regina59,51,2020-06-20T14:47:23Z
jmorales,966,2021-06-26T02:32:02Z
hbrown,2539,2021-04-06T11:28:15Z
lbrewer,57,2021-08-06T17:29:38Z
dwilson,1275,2020-09-16T19:50:36Z
mwalker,972,2021-03-15T12:08:39Z
shutchinson,2055,2021-04-19T08:58:25Z
vli,479,2021-07-15T11:13:41Z
samanthagould,2221,2020-03-28T03:09:50Z
csutton,1014,2021-01-07T11:07:45Z
sglenn,2792,2020-07-05T01:33:54Z
grahamcollin,453,2021-03-10T19:16:14Z
allenmiguel,789,2021-09-02T07:58:26Z
johnsonjennifer,2100,2020-11-22T13:07:48Z
mwilson,267,2021-09-18T09:26:55Z
kmejia,2423,2020-09-21T13:26:45Z
stephen84,1896,2021-03-13T21:29:17Z
garrettsusan,2291,2021-10-06T08:30:17Z
rebeccabrown,1863,2021-07-27T20:11:12Z
conradkevin,1481,2020-12-24T20:19:17Z
xhogan,2053,2020-09-14T04:33:52Z
carolinejones,494,2020-03-31T10:26:12Z
danaeaton,112,2021-09-04T20:35:59Z
thomasbrooke,1016,2021-01-01T20:15:54Z
iclark,2794,2020-07-04T17:34:41Z
ssmith,2563,2020-06-05T21:07:38Z
davilarebecca,1387,2020-10-02T21:50:05Z
davidbell,552,2020-08-02T20:26:16Z
kristen03,484,2020-10-07T11:59:37Z
tgillespie,2403,2020-11-24T07:05:35Z
nicholas53,1045,2021-11-27T13:24:34Z
debbieharrison,1404,2020-02-20T13:18:40Z
gordonscott,1710,2020-01-06T01:24:17Z
kristi90,2207,2021-10-05T06:48:47Z
john78,1033,2021-02-27T12:23:32Z
robert45,153,2021-11-04T03:15:52Z
williamsjeanne,2180,2020-09-29T02:49:21Z
barnettkeith,2303,2020-06-17T04:51:42Z
richardholmes,570,2021-06-12T01:36:01Z
jenna02,1828,2021-08-15T06:20:17Z
brian03,2401,2020-09-25T13:08:04Z
hsimmons,2627,2020-06-10T14:21:29Z
leeterri,792,2021-07-10T23:36:46Z
juan74,1929,2021-01-07T17:49:42Z
romanrobert,2775,2020-11-29T08:58:03Z
vanessawise,1408,2020-12-25T17:04:18Z
meadowsheather,451,2021-05-04T14:12:54Z
angelaroberts,159,2020-09-10T06:03:30Z
rlara,1556,2020-03-20T14:33:39Z
kmitchell,1906,2020-09-17T12:17:45Z
andrewdaniels,421,2021-05-06T15:21:01Z
michael65,1374,2021-07-07T12:54:02Z
crogers,2961,2020-12-12T04:49:57Z
spencer20,1317,2021-11-28T01:11:05Z
robertsonlisa,1394,2021-08-25T05:55:18Z
wnelson,1019,2021-10-13T01:03:57Z
priscilla00,1229,2021-10-30T20:04:34Z
tford,670,2020-07-28T21:37:51Z
eric03,509,2020-09-17T23:14:07Z
catherine30,1290,2021-07-30T21:45:05Z
anna35,1850,2021-06-26T17:08:47Z
aaron54,240,2021-08-31T08:07:27Z
weberalicia,570,2020-01-20T14:24:46Z
joseph58,2419,2020-01-10T09:02:15Z
smithkevin,349,2021-05-29T02:21:56Z
bensonmichael,110,2021-08-06T14:26:03Z
walshbrian,141,2020-01-28T17:46:04Z
heathermartin,245,2021-09-09T16:44:32Z
gcox,262,2020-08-08T11:56:36Z
cameronhoffman,186,2020-10-13T04:10:01Z
sandra60,160,2021-12-19T18:23:59Z
tina19,44,2021-12-02T05:14:00Z
angela96,280,2020-12-09T05:01:06Z
owensbarbara,380,2021-08-29T16:31:54Z
nicole17,487,2021-08-26T08:51:44Z
dodsonmichael,339,2020-08-07T00:02:46Z
bartlettkendra,277,2020-02-10T05:50:00Z
deannalogan,20,2021-01-14T22:02:24Z
swilson,337,2020-11-26T02:57:03Z
fsmith,402,2021-04-13T14:58:02Z
michaelgarrett,232,2020-09-02T19:41:15Z
wadams,138,2021-12-05T03:39:03Z
oscar00,85,2021-06-05T04:33:12Z
fowlerjack,316,2021-04-07T18:22:17Z
nelsonbenjamin,479,2021-03-11T17:12:59Z
mitchellhess,287,2020-03-16T19:45:34Z
amandacarter,115,2021-03-30T23:49:25Z
anita05,389,2020-04-08T15:04:32Z
nbooth,465,2021-05-29T13:56:43Z
william44,38,2020-12-10T21:31:51Z
robertbutler,374,2020-10-02T01:26:51Z
edwardsantana,133,2020-10-20T12:55:59Z
kristen03,147,2020-10-07T11:35:37Z
lori63,262,2021-01-22T08:16:32Z
lambmatthew,46,2020-06-17T07:10:02Z
matthew43,104,2020-12-16T03:31:59Z
gmoore,78,2021-05-09T19:45:24Z
josephellis,278,2020-11-09T15:33:19Z
gordonscott,362,2020-01-06T01:32:17Z
kerri69,95,2020-08-30T14:53:27Z
fpace,239,2020-04-17T05:08:43Z
folson,33,2020-11-14T08:46:19Z
robertsbrandon,45,2020-11-16T23:29:51Z
jenna02,2,2021-08-15T05:23:17Z
umullins,47,2021-10-20T04:32:25Z
michael54,49,2021-05-12T10:24:30Z
leeterri,52,2021-07-10T23:00:46Z
juan74,283,2021-01-07T17:54:42Z
bbrewer,159,2020-06-25T18:27:46Z
brian26,118,2021-11-28T17:21:16Z
kmitchell,66,2020-09-17T12:17:45Z
blittle,182,2021-05-03T12:15:22Z
lauren90,199,2020-02-07T23:09:33Z
nthomas,78,2020-04-12T04:04:27Z
josephwhitaker,275,2020-07-07T05:25:49Z
robertsonlisa,243,2021-08-25T04:51:18Z
bschmidt,180,2021-09-10T10:38:52Z
diane01,164,2021-07-30T08:24:17Z
edwardslisa,220,2020-09-17T04:48:16Z
cpatterson,460,2020-06-22T14:09:04Z
narnold,455,2020-12-30T06:40:30Z
catherine30,31,2021-07-30T22:03:05Z
isantos,461,2021-03-09T12:38:47Z
contrerasronald,263,2020-06-27T19:21:54Z
joshua06,473,2020-09-05T09:37:24Z
jacksonsteven,149,2021-05-29T16:07:40Z
itran,427,2021-05-06T11:54:44Z
annette44,216,2020-06-07T23:29:06Z
kevin88,162,2020-10-27T13:49:37Z
michaelcollins,265,2021-10-15T05:14:41Z
michael04,187,2021-05-01T23:40:40Z
cameron70,405,2021-06-13T23:22:47Z
bbishop,165,2020-07-10T23:50:22Z
julie69,477,2020-06-26T22:50:22Z
jasoncarter,348,2021-11-15T10:55:49Z
johnsonpatrick,251,2020-11-15T03:40:37Z
mharris,213,2020-06-24T23:55:52Z
morganteresa,285,2021-05-12T06:31:42Z
johnbrowning,298,2020-09-10T06:05:57Z
alec02,383,2021-04-16T07:51:17Z
brent85,487,2020-04-07T08:18:53Z
georgecarl,363,2020-03-23T14:58:47Z
heaton,102,2021-12-21T06:15:15Z
catherine34,483,2021-01-01T13:17:22Z
sarahfrancis,127,2020-06-07T06:01:51Z
nicolehall,292,2020-01-04T15:09:18Z
patriciahess,90,2021-04-14T23:33:30Z
simpsonmiguel,284,2021-05-14T01:36:14Z
edwardschristopher,52,2021-06-24T04:29:11Z
christopher88,299,2021-11-29T10:25:54Z
trevor11,305,2021-05-17T18:16:12Z
katherine08,348,2021-04-19T00:56:28Z
brooke54,158,2021-08-09T02:09:42Z
fpatterson,226,2020-01-01T09:33:50Z
jackson18,253,2020-12-31T06:05:21Z
smallrobert,66,2020-09-08T13:59:24Z
summerallen,328,2021-11-03T12:01:05Z
nvega,91,2019-12-26T16:55:18Z
xrusso,71,2020-10-06T13:03:10Z
kfoster,305,2019-12-24T18:29:00Z
andrewjohnson,292,2021-12-18T23:13:04Z
bakerjose,384,2021-03-19T02:05:28Z
bakerjose,466,2020-02-05T12:59:39Z
bakerjose,187,2020-07-24T16:03:23Z
andreaflores,283,2020-04-27T03:25:18Z
leeerica,413,2021-01-20T02:35:06Z
harperjames,632,2021-10-08T01:37:59Z
sheila01,749,2020-10-09T22:02:34Z
andersonkristen,754,2021-05-01T06:50:47Z
qhuerta,634,2021-02-16T10:26:39Z
aguilarlori,783,2020-02-25T12:35:53Z
david20,579,2021-10-16T23:23:10Z
nicolas87,695,2020-08-11T15:03:30Z
jacob77,736,2021-08-01T07:39:09Z
jacob58,111,2020-03-03T14:43:28Z
robert85,193,2020-09-02T10:42:25Z
lisacoleman,793,2021-01-26T20:39:01Z
roberthall,790,2020-02-13T14:28:33Z
robertmorgan,51,2020-02-24T17:49:29Z
craig66,898,2021-03-08T08:47:36Z
mburns,15,2020-11-03T15:36:33Z
alewis,42,2020-07-18T22:04:48Z
william24,512,2020-10-06T15:32:23Z
nforbes,970,2020-11-11T08:18:04Z
carol72,818,2020-11-26T10:37:33Z
sbeck,546,2021-06-17T11:12:04Z
alexjoseph,33,2020-02-06T07:47:11Z
dakotacain,45,2020-09-26T16:02:41Z
gwilliams,957,2020-03-04T18:15:37Z
riveradennis,31,2020-10-22T18:30:07Z
michaelgoodman,820,2020-06-23T15:13:35Z
ajarvis,687,2021-10-10T18:42:30Z
richard89,688,2021-01-28T14:41:06Z
briana50,88,2020-10-07T06:40:15Z
johnsonjennifer,4,2020-11-22T14:23:48Z
douglas57,34,2021-01-16T00:02:21Z
cardenaschristopher,769,2021-07-23T15:30:01Z
perkinsmatthew,610,2020-06-29T03:47:58Z
nicole29,512,2021-10-14T09:41:47Z
garrettsusan,497,2021-10-06T08:23:17Z
danielscollin,644,2021-10-29T04:40:08Z
matthewbrown,674,2020-03-08T01:54:59Z
thomasjason,158,2021-05-22T04:16:18Z
conradkevin,804,2020-12-24T19:56:17Z
oliverstephanie,176,2021-06-30T21:02:40Z
robert87,583,2021-05-06T03:26:29Z
melanie02,657,2021-08-22T04:19:52Z
sheppardjared,412,2021-09-19T21:46:15Z
fguerra,867,2020-07-19T17:05:27Z
caindavid,772,2021-01-16T09:36:44Z
haustin,296,2021-03-01T21:00:03Z
shicks,521,2021-02-19T06:12:39Z
scurtis,11,2020-05-15T14:15:17Z
butlerjean,620,2021-08-04T18:39:21Z
william40,586,2020-08-26T03:27:28Z
parsonschristopher,986,2021-05-20T01:55:47Z
kristen03,670,2020-10-07T10:59:37Z
gcarpenter,113,2020-09-29T21:17:27Z
william76,40,2021-04-16T23:39:29Z
woodsmichelle,51,2019-12-29T03:23:53Z
mbautista,576,2020-07-25T06:42:54Z
michelle64,631,2020-06-20T08:16:16Z
susanmitchell,131,2021-09-03T15:31:36Z
jeanette67,442,2020-02-25T20:09:41Z
jamie57,627,2021-01-09T06:34:37Z
stephanie74,553,2020-01-11T14:39:24Z
angeladawson,531,2020-07-12T03:07:06Z
benjaminrobinson,847,2021-02-23T18:51:31Z
laradanielle,706,2021-08-13T16:23:06Z
bakerjose,2,2021-11-23T05:47:30Z
bakerjose,571,2020-02-10T01:51:52Z
pateljames,271,2021-02-08T01:00:12Z
lori63,425,2020-06-09T10:05:20Z
astewart,16,2021-06-24T20:11:29Z
desireeguerrero,309,2020-12-31T23:29:09Z
kford,968,2020-07-20T09:27:11Z
luisweaver,484,2020-08-08T06:51:23Z
tnelson,252,2021-01-23T04:51:03Z
jmorales,58,2021-06-26T01:42:02Z
lbrewer,209,2021-08-06T17:10:38Z
dwilson,439,2020-09-16T20:13:36Z
hreed,875,2021-08-27T16:41:16Z
mwalker,569,2021-03-15T12:02:39Z
ewhite,303,2021-09-28T18:35:23Z
george44,9,2020-08-21T23:21:19Z
fdouglas,368,2020-08-18T13:41:48Z
melissahuff,601,2021-02-14T01:51:31Z
christopher74,285,2020-11-22T02:52:09Z
williamscassandra,532,2021-10-15T20:58:41Z
ojohnson,978,2020-01-06T04:35:37Z
brandtcharles,131,2020-03-11T16:02:41Z
xmoreno,485,2020-10-20T16:10:38Z
ernest09,823,2021-02-07T23:27:42Z
wrightsandra,808,2021-06-16T19:10:30Z
michealsingh,574,2020-12-15T20:32:33Z
ortegamichael,42,2021-05-30T15:44:06Z
danielclark,427,2021-06-18T08:02:22Z
jacqueline65,836,2020-06-24T07:19:17Z
bwright,205,2020-05-11T00:28:21Z
bortega,780,2020-06-18T04:40:24Z
andersonjoshua,821,2021-01-20T14:03:49Z
lbruce,755,2021-04-02T09:45:15Z
wilsonchristina,67,2020-06-30T15:41:20Z
laurenrobinson,642,2020-01-06T13:05:24Z
dawn84,271,2020-02-09T14:46:49Z
ohester,113,2020-07-08T04:55:57Z
michael34,371,2020-03-28T02:03:12Z
rschneider,723,2020-10-01T03:59:17Z
gordonscott,207,2020-01-06T01:27:17Z
julie19,658,2020-11-19T09:02:47Z
dfisher,845,2021-07-14T13:59:02Z
kerri69,483,2020-08-30T14:21:27Z
mitchellpaul,538,2020-05-23T00:31:14Z
cadams,773,2021-01-29T18:51:17Z
folson,172,2020-11-14T08:05:19Z
robertsbrandon,851,2020-11-16T22:26:51Z
kmcdonald,905,2020-09-01T16:57:43Z
michael54,219,2021-05-12T10:16:30Z
morenokenneth,33,2021-02-17T09:41:49Z
sandra61,148,2020-03-10T21:32:52Z
marksjoshua,839,2020-12-09T22:30:46Z
janice43,26,2021-10-27T23:31:54Z
joelandrews,513,2021-06-28T00:50:48Z
rlara,931,2020-03-20T13:59:39Z
andrewdaniels,649,2021-05-06T16:22:01Z
blittle,148,2021-05-03T12:24:22Z
lisa98,419,2021-07-15T01:02:10Z
wcunningham,464,2020-09-29T08:17:41Z
nthomas,289,2020-04-12T03:54:27Z
mariawilson,316,2020-02-20T02:05:51Z
fosterjoseph,712,2021-11-08T17:44:22Z
mcdonaldjoshua,374,2021-11-23T12:28:38Z
ghicks,501,2020-12-22T18:11:59Z
kwilson,59,2020-03-25T21:54:01Z
marshallmelanie,688,2021-08-05T08:48:49Z
bakerjose,982,2021-10-25T06:22:41Z
bakerjose,849,2020-07-20T07:03:43Z
angela21,813,2020-09-25T03:25:18Z
michellematthews,730,2021-07-25T06:08:23Z
regina59,720,2020-06-20T14:39:23Z
jackparker,723,2021-10-16T09:06:30Z
freemanmichael,792,2020-01-28T15:58:08Z
hbrown,319,2021-04-06T11:50:15Z
angelahall,163,2020-09-01T20:14:54Z
morandeanna,838,2020-01-09T18:32:45Z
jacquelinewallace,910,2020-05-18T06:15:43Z
sglenn,921,2020-07-05T01:01:54Z
melissa04,399,2021-12-21T10:27:00Z
perkinskendra,696,2021-09-20T11:40:16Z
greensamantha,300,2020-01-10T13:27:57Z
ogallegos,455,2021-02-19T10:11:40Z
curtis60,358,2020-12-31T07:20:02Z
omercer,479,2021-02-11T13:58:29Z
fowlerjack,554,2021-04-07T17:27:17Z
nelsonbenjamin,714,2021-03-11T17:07:59Z
littlephillip,365,2020-05-08T22:06:31Z
christina93,318,2020-01-19T03:44:04Z
xhogan,394,2020-09-14T04:14:52Z
jacksonduane,706,2020-09-03T19:27:57Z
verickson,23,2021-11-04T17:18:29Z
anita05,132,2020-04-08T14:54:32Z
nbooth,986,2021-05-29T14:22:43Z
william44,257,2020-12-10T22:08:51Z
nwilliams,963,2021-10-13T02:15:33Z
mstevens,752,2021-03-23T01:45:31Z
kevin88,149,2020-05-27T23:13:32Z
davilarebecca,314,2020-10-02T22:24:05Z
castillokenneth,153,2021-09-30T03:32:32Z
john78,606,2021-02-27T12:02:32Z
mvega,252,2020-12-19T13:41:41Z
jeffbooth,278,2021-01-23T00:24:20Z
john45,560,2021-07-02T08:04:43Z
barnettkeith,605,2020-06-17T05:01:42Z
richardholmes,639,2021-06-12T02:58:01Z
jenna02,28,2021-08-15T04:57:17Z
sjones,73,2021-02-19T08:28:06Z
traviswallace,794,2020-05-19T07:35:24Z
angelaroberts,719,2020-09-10T05:55:30Z
bjackson,589,2020-06-01T01:39:28Z
eric42,396,2021-10-09T03:32:51Z
michael65,226,2021-07-07T14:25:02Z
icooper,533,2020-09-02T19:34:18Z
vmathews,306,2020-06-08T02:58:33Z
donnadean,453,2021-12-10T13:51:27Z
ethansmith,309,2019-12-26T00:10:07Z
priscilla00,194,2021-10-30T19:30:34Z
edwardslisa,631,2020-09-17T04:41:16Z
dgarcia,126,2019-12-29T05:23:08Z
christian34,7,2021-01-27T14:14:30Z
kevin88,433,2021-09-16T17:08:38Z
colleen75,17,2021-11-28T00:25:57Z
morrisonsara,101,2020-02-14T11:49:25Z
itran,667,2021-05-06T11:56:44Z
michaelbrown,938,2021-03-20T04:58:04Z
prestonadkins,716,2021-10-11T06:38:25Z
kevin88,117,2020-10-27T14:20:37Z
karen10,86,2021-12-09T18:19:28Z
michaelcollins,75,2021-10-15T04:53:41Z
jacksonjaime,38,2021-01-13T19:44:16Z
sjackson,977,2020-06-16T11:58:15Z
jvang,711,2020-03-01T05:28:09Z
prattjohn,187,2021-08-25T02:36:40Z
qreed,616,2021-02-03T05:26:17Z
mharris,37,2020-06-24T22:42:52Z
alec08,915,2020-07-05T19:02:29Z
dbradford,542,2021-03-20T07:43:57Z
ewarren,924,2021-11-22T09:29:52Z
marshallsharon,427,2020-03-31T09:52:20Z
juliajacobs,439,2021-02-08T10:37:43Z
stephanie74,60,2020-04-29T19:27:08Z
donald64,867,2020-06-28T21:55:26Z
jenkinsjoseph,981,2020-02-26T09:12:18Z
christianalexander,693,2020-03-07T02:09:51Z
bakerjose,528,2021-05-25T09:28:36Z
charles98,235,2021-02-15T12:35:05Z
mgill,353,2020-03-03T18:59:26Z
gracealexander,765,2021-05-11T15:49:08Z
ivanolson,269,2021-01-17T22:47:44Z
edwardlong,739,2021-12-16T02:04:46Z
perkinslinda,218,2021-01-17T11:56:05Z
darrell23,208,2020-07-27T21:10:35Z
ksmith,7,2020-08-14T14:52:06Z
vsimpson,604,2020-03-27T07:52:46Z
shutchinson,770,2021-04-19T08:53:25Z
bianca98,129,2021-03-19T21:07:38Z
vli,543,2021-07-15T12:04:41Z
jacksonwilliam,62,2020-10-23T12:07:19Z
mirandasusan,282,2021-08-28T07:23:06Z
csutton,745,2021-01-07T12:43:45Z
omcdonald,23,2021-08-25T17:47:26Z
charles35,921,2020-08-09T07:07:16Z
grahamcollin,775,2021-03-10T18:52:14Z
melissanelson,213,2021-06-05T09:04:52Z
lauren39,582,2021-02-04T19:47:31Z
allenmiguel,427,2021-09-02T07:51:26Z
parkerjoseph,589,2021-01-22T03:13:47Z
kmejia,62,2020-09-21T14:06:45Z
phicks,481,2021-11-20T15:56:47Z
stephen84,808,2021-03-13T21:10:17Z
christina44,638,2020-01-31T13:14:20Z
nelsonlisa,714,2020-03-15T23:17:38Z
erika00,47,2020-01-27T03:11:53Z
shawn06,265,2020-12-28T06:53:00Z
mitchellhess,136,2020-03-16T20:13:34Z
donald11,824,2021-01-30T02:07:32Z
usherman,943,2021-03-25T13:57:46Z
danaeaton,274,2021-09-04T20:18:59Z
iclark,174,2020-07-04T18:31:41Z
noah44,130,2021-01-22T14:56:11Z
edwardsantana,399,2020-10-20T12:40:59Z
davidgilbert,516,2020-11-19T04:26:21Z
louiswalton,244,2020-04-20T04:43:06Z
christopher34,928,2021-03-26T07:44:00Z
lambmatthew,709,2020-06-17T08:23:02Z
lcannon,974,2021-10-25T21:48:19Z
webbtara,648,2021-03-09T02:59:22Z
josephellis,84,2020-11-09T16:50:19Z
burnslaurie,129,2021-11-18T02:22:11Z
fpace,760,2020-04-17T04:17:43Z
jamie27,555,2021-11-30T20:46:36Z
williamsjeanne,367,2020-09-29T03:07:21Z
natasharogers,609,2020-03-21T06:24:16Z
hgarcia,388,2020-05-06T11:12:55Z
donna84,33,2021-07-26T10:13:35Z
hsimmons,149,2020-06-10T13:12:29Z
juan74,870,2021-01-07T18:24:42Z
brian26,155,2021-11-28T17:19:16Z
morganrobert,163,2021-05-24T14:21:51Z
xsimpson,64,2021-10-20T04:28:06Z
crogers,23,2020-12-12T03:58:57Z
wolfecharles,140,2021-05-21T06:19:57Z
ssmith,604,2020-01-29T11:22:40Z
nrollins,104,2021-10-15T06:12:07Z
ambergolden,62,2021-11-27T09:54:20Z
cunninghamrebecca,354,2021-11-27T10:49:08Z
robert10,363,2020-07-14T05:02:26Z
lewisdonna,123,2020-02-29T09:23:13Z
dlee,381,2020-07-16T06:47:13Z
bakerjose,317,2021-01-23T02:04:39Z
bakerjose,240,2020-05-10T14:11:29Z
johnsonmarissa,493,2021-09-21T11:30:40Z
jessicaking,135,2020-05-13T00:27:17Z
pstein,540,2020-11-22T15:41:23Z
dawn09,377,2021-06-04T02:08:42Z
jesus75,395,2020-03-13T19:50:38Z
psoto,476,2020-11-30T22:59:47Z
patriciasullivan,15,2020-05-11T21:59:59Z
kathleenjohnson,387,2021-07-31T20:18:10Z
lwilliams,119,2021-11-05T06:13:56Z
ssantana,968,2020-04-29T05:19:15Z
michael26,980,2020-08-18T19:48:19Z
hooverernest,474,2021-08-14T11:40:48Z
veronica13,985,2020-09-01T10:49:26Z
robert67,145,2021-07-13T10:00:36Z
vargaslouis,319,2021-05-22T09:50:32Z
mooreclinton,709,2020-06-25T23:22:39Z
johnsonmelissa,716,2021-08-19T10:07:11Z
james54,467,2021-08-09T12:23:47Z
porterjoshua,497,2021-10-10T07:09:05Z
villarrealaustin,971,2021-08-30T08:33:51Z
karina34,194,2021-06-28T17:00:41Z
benjaminmiller,870,2021-01-06T02:23:49Z
jamesdodson,344,2020-05-11T08:20:15Z
walkermaria,809,2020-09-06T14:35:00Z
crawfordjoan,342,2021-07-06T04:33:16Z
lsims,332,2021-05-02T23:11:23Z
jonesalicia,645,2020-05-12T11:17:50Z
markjackson,256,2021-03-28T05:22:47Z
walkercaroline,392,2020-02-04T19:49:00Z
joshua82,248,2021-05-25T08:30:31Z
fwilson,937,2020-12-06T22:26:31Z
teresabrown,332,2020-01-19T14:26:08Z
karen13,920,2020-06-03T20:39:51Z
lauraramos,775,2020-07-01T01:05:44Z
jamessmith,95,2021-12-05T04:29:08Z
lauralewis,419,2021-11-03T23:45:39Z
ronald94,779,2021-03-28T06:18:47Z
hoconnor,810,2021-03-15T02:10:44Z
qdavis,501,2021-04-11T23:07:54Z
dwilson,46,2020-09-18T06:54:04Z
carolinejones,759,2020-03-31T09:16:12Z
natashagarrett,797,2020-03-20T20:51:30Z
diane45,808,2020-07-31T17:01:07Z
derek35,280,2020-12-06T03:40:47Z
travis92,934,2021-08-06T20:56:40Z
robertbutler,646,2020-10-02T01:55:51Z
lori63,860,2021-01-22T08:05:32Z
xfrank,129,2021-05-13T07:36:15Z
rwhite,395,2021-09-19T07:30:50Z
oknight,890,2021-09-01T14:06:47Z
tgillespie,851,2020-11-24T06:32:35Z
matthew43,124,2020-12-16T03:14:59Z
donald14,214,2020-01-17T16:38:14Z
amartin,51,2020-10-11T06:27:15Z
uharper,410,2021-11-10T02:21:23Z
pattersondonald,24,2020-01-27T16:35:10Z
riveragina,381,2020-08-12T06:46:44Z
dbrown,786,2021-04-27T10:30:59Z
smoreno,286,2020-03-09T22:41:01Z
john38,243,2021-01-04T04:19:02Z
koneal,357,2020-02-19T03:26:06Z
ruth74,826,2021-09-21T12:20:37Z
david70,961,2020-01-19T23:28:52Z
allenjessica,779,2020-03-22T17:48:22Z
benderbrandon,260,2020-06-30T06:03:22Z
brian76,801,2020-01-20T10:44:50Z
barnesjulia,946,2020-09-09T21:11:34Z
wangdana,212,2020-04-20T12:05:58Z
xandrews,999,2020-01-28T04:24:01Z
jasonwalter,402,2021-11-08T09:03:49Z
mjones,176,2020-11-05T15:19:22Z
brandiwagner,616,2021-02-20T15:39:46Z
vfarrell,706,2021-03-17T09:48:15Z
christophergibson,874,2021-10-21T18:01:49Z
robertandersen,151,2021-11-11T12:25:59Z
bakerjose,476,2020-05-05T18:23:00Z
michellepark,386,2020-08-16T19:11:40Z
stephenfowler,182,2020-01-04T11:17:14Z
leonmorgan,985,2020-10-01T11:43:32Z
bpowers,319,2020-02-12T04:53:38Z
smitherik,588,2021-05-16T05:26:25Z
smithkristen,278,2021-04-04T09:48:26Z
iwalker,970,2021-09-05T21:17:22Z
brownjennifer,399,2021-04-22T08:23:32Z
robinsonrobert,291,2020-04-07T08:20:41Z
samanthagould,518,2020-03-28T03:57:50Z
williamhouse,879,2021-07-30T08:03:42Z
omarcharles,752,2021-02-08T04:04:15Z
mwilson,549,2021-09-18T09:39:55Z
michaelsullivan,125,2020-11-01T22:27:03Z
claudiashelton,159,2020-03-15T12:16:15Z
ericamiles,102,2021-08-06T09:19:10Z
gilbertdiana,791,2021-03-11T02:46:16Z
rebeccabrown,17,2021-07-27T20:14:12Z
michael16,920,2021-11-13T01:17:29Z
amandacarter,354,2021-03-31T00:02:25Z
mark38,262,2021-06-11T23:30:44Z
daniel36,231,2020-10-12T13:46:30Z
cristianedwards,14,2021-10-22T20:14:59Z
walkerstephanie,598,2020-02-10T15:06:27Z
sherri82,141,2020-07-24T03:42:14Z
danielle01,897,2020-09-16T17:29:20Z
thomasbrooke,869,2021-01-01T21:00:54Z
ssmith,282,2020-06-05T20:17:38Z
scottmontes,667,2021-07-20T21:32:09Z
davidbell,368,2020-08-02T20:37:16Z
andrescook,931,2021-08-26T07:55:58Z
ecampbell,805,2020-03-28T09:22:44Z
rebecca90,909,2021-03-24T08:24:39Z
kevin88,145,2020-06-19T05:30:11Z
debbieharrison,670,2020-02-20T13:27:40Z
kristi90,328,2021-10-05T06:13:47Z
dawnwheeler,591,2021-01-14T17:39:31Z
davidrandall,50,2021-07-22T14:25:05Z
williamsdouglas,930,2021-11-04T15:31:23Z
umullins,878,2021-10-20T04:35:25Z
brian03,633,2020-09-25T12:54:04Z
joshua87,881,2019-12-26T06:14:24Z
george79,875,2021-03-02T16:37:19Z
leeterri,624,2021-07-10T22:40:46Z
romanrobert,821,2020-11-29T08:48:03Z
amanda90,663,2021-04-05T17:29:10Z
hponce,268,2021-08-08T22:47:55Z
johnsonvictoria,327,2021-08-24T16:04:02Z
srusso,282,2021-11-17T02:22:44Z
jason65,2324,2020-11-09T05:21:31Z
brooke54,150,2021-08-09T02:04:42Z
johnshaw,2699,2021-02-05T12:55:29Z
jferrell,2892,2021-01-17T13:39:49Z
trevinomichael,1311,2020-11-15T04:26:33Z
russellterri,1271,2020-01-14T10:32:46Z
douglaswolf,122,2021-12-17T20:40:19Z
donald14,2722,2020-01-17T16:00:14Z
speterson,1117,2020-11-05T13:47:22Z
dlee,1426,2020-07-16T05:27:13Z
bakerjose,676,2021-01-23T03:20:39Z
bakerjose,2582,2020-05-10T14:06:29Z
kevin91,2413,2021-02-05T14:06:42Z
pattersondonald,2780,2020-01-27T15:28:10Z
smata,537,2021-08-26T00:52:34Z
morrisjake,1305,2020-07-17T22:47:34Z
andreaflores,2785,2020-04-27T03:21:18Z
ronnie63,158,2020-05-29T09:32:06Z
qhuerta,168,2021-02-16T09:01:39Z
marshallsharon,437,2020-03-31T11:02:20Z
aguilarlori,256,2020-02-25T12:33:53Z
susanmitchell,338,2021-09-03T15:38:36Z
jeanette67,116,2020-02-25T19:48:41Z
joseph48,193,2019-12-28T04:06:37Z
hooverernest,323,2021-08-14T11:05:48Z
stephanie74,130,2020-06-06T16:25:50Z
donald64,300,2020-06-28T21:39:26Z
xandrews,441,2020-01-28T04:34:01Z
roberto79,381,2020-09-02T12:14:43Z
mooreclinton,245,2020-06-25T23:30:39Z
bakerjose,210,2021-11-23T06:45:30Z
johnsonmelissa,78,2021-08-19T09:07:11Z
bakerjose,82,2021-05-25T09:50:36Z
hintonmitchell,210,2020-09-02T09:53:53Z
robertmorgan,252,2020-02-24T17:08:29Z
christophergibson,346,2021-10-21T18:29:49Z
robertandersen,99,2021-11-11T12:33:59Z
michael86,306,2021-12-03T19:45:30Z
porterjoshua,330,2021-10-10T07:52:05Z
nforbes,80,2020-11-11T08:12:04Z
bakerjose,39,2021-10-25T06:26:41Z
michellepark,377,2020-08-16T18:41:40Z
edwardlong,298,2021-12-16T01:26:46Z
bpowers,461,2020-02-12T04:01:38Z
benjaminmiller,273,2021-01-06T01:00:49Z
jamesdodson,133,2020-05-11T08:45:15Z
angela21,448,2020-09-25T04:13:18Z
luisweaver,338,2020-08-08T06:02:23Z
freemanmichael,97,2020-01-28T16:13:08Z
hbrown,184,2021-04-06T12:46:15Z
morandeanna,282,2020-01-09T18:07:45Z
riveradennis,115,2020-10-22T17:50:07Z
williamhouse,76,2021-07-30T08:44:42Z
lauraramos,422,2020-07-01T01:40:44Z
williamscassandra,442,2021-10-15T21:21:41Z
jamessmith,120,2021-12-05T04:26:08Z
greensamantha,358,2020-01-10T13:00:57Z
parkerjoseph,137,2021-01-22T03:41:47Z
douglas57,402,2021-01-15T23:48:21Z
curtis60,58,2020-12-31T07:39:02Z
phicks,42,2021-11-20T16:10:47Z
nicole29,55,2021-10-14T11:03:47Z
qdavis,139,2021-04-11T23:04:54Z
erika00,313,2020-01-27T03:45:53Z
ortegamichael,148,2021-05-30T15:52:06Z
oliverstephanie,72,2021-06-30T22:03:40Z
verickson,226,2021-11-04T16:54:29Z
carolinejones,181,2020-03-31T09:25:12Z
natashagarrett,463,2020-03-20T20:50:30Z
ssmith,232,2020-06-05T20:33:38Z
davilarebecca,62,2020-10-02T21:51:05Z
laurenrobinson,376,2020-01-06T12:31:24Z
kevin88,1490,2020-10-27T14:21:37Z
karen10,1528,2021-12-09T19:07:28Z
bensonmichael,2338,2021-08-06T14:13:03Z
wilsonjason,2296,2020-09-08T11:15:12Z
andrea06,1194,2020-11-12T17:40:33Z
morganteresa,1996,2021-05-12T05:30:42Z
stephanie26,2890,2020-10-14T15:32:36Z
alec02,1434,2021-04-16T08:53:17Z
fletchermelissa,1671,2020-09-25T19:11:10Z
angela96,2563,2020-12-09T05:39:06Z
brent85,274,2020-04-07T08:49:53Z
vickijenkins,1478,2021-07-16T19:30:30Z
georgecarl,251,2020-03-23T14:58:47Z
mcneilnicole,2702,2021-10-09T01:10:20Z
snowjustin,1463,2020-02-27T03:49:30Z
flemingrita,47,2021-10-06T05:13:34Z
swilson,2590,2020-11-26T02:55:03Z
reidrebecca,1641,2021-02-20T07:05:48Z
craig40,1770,2021-02-08T09:15:08Z
christopher88,1058,2021-11-29T10:54:54Z
hannah94,2503,2021-10-25T04:27:28Z
xheath,2459,2021-09-07T11:47:11Z
nicole59,2855,2021-08-26T17:10:17Z
xrusso,2754,2020-10-06T13:05:10Z
lewisdonna,1427,2020-02-29T08:45:13Z
whitedanielle,1088,2020-10-03T03:57:55Z
leeerica,1932,2021-01-20T01:24:06Z
jessicaking,1221,2020-05-13T00:46:17Z
sandra17,130,2020-02-23T01:49:25Z
gardnerjohn,351,2021-03-26T12:42:03Z
jharris,181,2020-07-15T20:15:57Z
dbrown,84,2021-04-27T09:14:59Z
smoreno,81,2020-03-09T23:03:01Z
john38,243,2021-01-04T04:05:02Z
sandrabowen,427,2020-04-11T22:41:30Z
psoto,245,2020-11-30T23:37:47Z
lharris,409,2021-01-12T04:35:49Z
benderbrandon,6,2020-06-30T06:23:22Z
nicolas87,268,2020-08-11T13:37:30Z
stephanie74,287,2020-01-11T14:25:24Z
stephanie74,97,2020-04-29T20:00:08Z
jacob58,219,2020-03-03T15:58:28Z
turnertim,233,2021-06-07T00:10:55Z
jasonwalter,99,2021-11-08T08:49:49Z
mjones,429,2020-11-05T15:10:22Z
lisacoleman,75,2021-01-26T21:50:01Z
vargaslouis,385,2021-05-22T09:40:32Z
brandonford,322,2020-05-30T21:36:36Z
laradanielle,301,2021-08-13T17:48:06Z
wward,342,2021-06-01T11:01:01Z
roberthall,22,2020-02-13T14:12:33Z
bakerjose,63,2020-02-10T02:20:52Z
charles98,455,2021-02-15T12:38:05Z
lori63,388,2020-06-09T10:42:20Z
sbeck,347,2021-06-17T11:15:04Z
crawfordjoan,335,2021-07-06T06:07:16Z
mwalker,256,2021-03-15T13:35:39Z
jonesalicia,489,2020-05-12T11:00:50Z
markjackson,323,2021-03-28T04:43:47Z
mirandasusan,265,2021-08-28T06:46:06Z
samanthagould,408,2020-03-28T03:35:50Z
karen13,278,2020-06-03T20:28:51Z
michaelgoodman,365,2020-06-23T16:09:35Z
melissahuff,136,2021-02-14T02:25:31Z
sglenn,346,2020-07-05T01:02:54Z
melissa04,401,2021-12-21T11:25:00Z
richard89,366,2021-01-28T14:45:06Z
briana50,316,2020-10-07T06:28:15Z
melissanelson,199,2021-06-05T08:08:52Z
ogallegos,153,2021-02-19T11:11:40Z
lauren39,319,2021-02-04T19:28:31Z
ronald94,198,2021-03-28T06:55:47Z
summerallen,817,2021-11-03T12:11:05Z
diana15,453,2021-10-05T18:38:31Z
nvega,980,2019-12-26T16:48:18Z
bakerjose,2518,2020-07-24T15:50:23Z
sandersrobert,915,2021-08-16T12:07:17Z
wilsontodd,44,2021-08-16T13:03:16Z
lindacobb,1547,2021-01-28T17:14:18Z
ewarren,165,2021-11-22T09:13:52Z
patriciasullivan,287,2020-05-11T22:10:59Z
brianmoore,277,2021-04-05T20:53:30Z
david70,413,2020-01-19T22:47:52Z
kathleenjohnson,20,2021-07-31T19:36:10Z
singletoncarol,230,2020-12-21T19:16:29Z
wangdana,248,2020-04-20T12:32:58Z
stephanie74,471,2021-09-13T06:39:57Z
angeladawson,363,2020-07-12T02:39:06Z
robert67,405,2021-07-13T08:43:36Z
brandiwagner,211,2021-02-20T14:59:46Z
mgill,289,2020-03-03T18:03:26Z
craig66,126,2021-03-08T07:55:36Z
alewis,490,2020-07-18T22:15:48Z
james54,473,2021-08-09T13:04:47Z
bakerjose,230,2020-07-20T07:59:43Z
karina34,474,2021-06-28T16:58:41Z
michellematthews,91,2021-07-25T05:38:23Z
vsimpson,223,2020-03-27T07:57:46Z
bianca98,56,2021-03-19T20:51:38Z
jacksonwilliam,115,2020-10-23T12:02:19Z
teresabrown,287,2020-01-19T14:55:08Z
omcdonald,92,2021-08-25T17:31:26Z
fdouglas,127,2020-08-18T15:09:48Z
omarcharles,495,2021-02-08T03:54:15Z
grahamcollin,139,2021-03-10T20:10:14Z
ojohnson,463,2020-01-06T05:55:37Z
johnsonjennifer,424,2020-11-22T14:20:48Z
xmoreno,31,2020-10-20T15:25:38Z
littlephillip,14,2020-05-08T21:42:31Z
dwilson,478,2020-09-18T07:47:04Z
claudiashelton,4,2020-03-15T12:39:15Z
nelsonlisa,328,2020-03-15T23:30:38Z
garrettsusan,238,2021-10-06T08:16:17Z
danielscollin,245,2021-10-29T04:36:08Z
gilbertdiana,400,2021-03-11T03:23:16Z
matthewbrown,133,2020-03-08T02:45:59Z
robert87,228,2021-05-06T04:11:29Z
xhogan,219,2020-09-14T04:34:52Z
caindavid,317,2021-01-16T10:16:44Z
lbruce,90,2021-04-02T09:02:15Z
walkerstephanie,371,2020-02-10T14:50:27Z
sherri82,143,2020-07-24T04:10:14Z
wilsonchristina,7,2020-06-30T15:18:20Z
thomasbrooke,37,2021-01-01T21:07:54Z
shicks,322,2021-02-19T05:25:39Z
davidbell,196,2020-08-02T20:18:16Z
andrescook,29,2021-08-26T08:30:58Z
oknight,375,2021-09-01T12:59:47Z
rebecca90,248,2021-03-24T09:01:39Z
julie19,428,2020-11-19T08:08:47Z
manninggail,186,2021-10-03T10:29:53Z
mbautista,40,2020-07-25T06:28:54Z
jamie27,51,2021-11-30T21:12:36Z
mitchellpaul,196,2020-05-23T01:09:14Z
richardholmes,25,2021-06-12T02:55:01Z
sullivandeborah,482,2021-10-08T03:37:08Z
nicoleblair,111,2020-01-15T13:07:42Z
donna84,478,2021-07-26T10:11:35Z
sandra61,462,2020-03-10T22:03:52Z
clairejones,124,2021-07-19T07:58:50Z
pamela91,2870,2020-07-11T22:02:09Z
amandawilson,782,2021-07-11T19:08:56Z
hamiltonmichele,2794,2021-07-31T02:23:14Z
aharris,644,2021-09-24T03:28:19Z
sarahfrancis,1182,2020-06-07T06:23:51Z
dana57,1234,2020-10-07T05:28:48Z
michaelgarrett,978,2020-09-02T19:47:15Z
dawnadams,2608,2021-11-24T22:41:37Z
oscar00,499,2021-06-05T05:51:12Z
edwardschristopher,2086,2021-06-24T05:16:11Z
websterjamie,2566,2020-03-09T23:02:18Z
trevor11,1176,2021-05-17T18:54:12Z
katherine08,706,2021-04-19T00:41:28Z
david10,1892,2021-08-07T21:35:28Z
kevin09,2515,2021-04-03T18:00:30Z
cunninghamrebecca,1065,2021-11-27T11:08:08Z
robert10,2573,2020-07-14T04:57:26Z
bakerjose,1234,2021-09-11T20:15:44Z
bakerjose,2410,2020-02-05T14:01:39Z
cunninghammatthew,2620,2020-06-22T04:07:54Z
johnsonmarissa,290,2021-09-21T12:14:40Z
daniel15,1176,2021-03-20T23:42:39Z
richard04,1312,2021-08-22T12:35:03Z
riveragina,1900,2020-08-12T06:03:44Z
patricia57,300,2020-10-04T23:53:17Z
dawn09,76,2021-06-04T01:50:42Z
harperjames,55,2021-10-08T00:16:59Z
andersonkristen,38,2021-05-01T07:32:47Z
ssantana,473,2020-04-29T04:47:15Z
jenkinsjoseph,363,2020-02-26T08:33:18Z
veronica13,430,2020-09-01T10:25:26Z
robert85,107,2020-09-02T09:28:25Z
sfletcher,369,2021-10-11T18:40:56Z
gracealexander,50,2021-05-11T16:33:08Z
astewart,336,2021-06-24T20:59:29Z
bakerjose,345,2020-05-05T19:07:00Z
dsmith,421,2020-01-10T23:54:44Z
stephenfowler,373,2020-01-04T11:46:14Z
leonmorgan,21,2020-10-01T11:12:32Z
perkinslinda,472,2021-01-17T12:20:05Z
kford,340,2020-07-20T08:23:11Z
alexjoseph,499,2020-02-06T07:15:11Z
tnelson,296,2021-01-23T05:12:03Z
angelahall,253,2020-09-01T20:44:54Z
hreed,416,2021-08-27T16:11:16Z
lsims,397,2021-05-02T23:18:23Z
shutchinson,90,2021-04-19T07:57:25Z
walkercaroline,189,2020-02-04T20:14:00Z
allenmiguel,413,2021-09-02T09:12:26Z
lauralewis,398,2021-11-04T00:17:39Z
omercer,178,2021-02-11T15:06:29Z
stephen84,169,2021-03-13T20:39:17Z
wrightsandra,186,2021-06-16T19:19:30Z
michealsingh,370,2020-12-15T20:40:33Z
ericamiles,246,2021-08-06T08:08:10Z
rebeccabrown,267,2021-07-27T20:03:12Z
donald11,32,2021-01-30T02:20:32Z
andersonjoshua,489,2021-01-20T13:40:49Z
haustin,202,2021-03-01T21:49:03Z
danaeaton,185,2021-09-04T20:29:59Z
diane45,73,2020-07-31T17:13:07Z
scottmontes,498,2021-07-20T22:35:09Z
william40,212,2020-08-26T03:38:28Z
xfrank,163,2021-05-13T07:55:15Z
ecampbell,144,2020-03-28T10:13:44Z
ohester,157,2020-07-08T04:04:57Z
william76,275,2021-04-16T23:15:29Z
castillokenneth,68,2021-09-30T03:21:32Z
john78,259,2021-02-27T11:48:32Z
davidrandall,129,2021-07-22T14:48:05Z
gcox,1460,2020-08-08T12:42:36Z
drobbins,535,2020-07-24T23:33:39Z
lmartin,1954,2021-10-18T13:02:46Z
qfoster,2566,2020-12-31T22:03:28Z
sgraham,2376,2021-11-25T05:16:20Z
bartlettkendra,2990,2020-02-10T05:40:00Z
andrew19,2639,2021-06-29T00:24:27Z
heaton,2088,2021-12-21T05:53:15Z
vjackson,1599,2021-03-04T10:36:13Z
simpsonmiguel,1084,2021-05-14T01:12:14Z
wross,1100,2020-07-10T03:05:29Z
cmiller,2158,2020-05-14T22:44:33Z
coopersamantha,791,2020-09-09T03:25:32Z
jackson18,391,2020-12-31T05:56:21Z
jamesfleming,1326,2020-07-10T07:02:12Z
tina42,327,2021-10-28T17:52:08Z
kfoster,1315,2019-12-24T18:01:00Z
vdrake,421,2021-04-29T02:55:47Z
bakerjose,1797,2021-03-19T03:05:28Z
amartin,2576,2020-10-11T06:15:15Z
uharper,37,2021-11-10T02:49:23Z
tinahoward,1484,2021-06-02T22:47:19Z
mooredennis,2268,2020-10-24T18:58:08Z
millerfrank,708,2020-11-02T10:25:02Z
jensenjohn,1414,2020-03-17T05:39:46Z
tdavis,516,2021-07-30T19:03:15Z
tinahoward,2072,2020-07-19T14:28:01Z
pstein,217,2020-11-22T15:36:23Z
jesus75,217,2020-03-13T19:43:38Z
donnathomas,360,2021-01-14T00:46:29Z
ruth74,181,2021-09-21T13:09:37Z
allenjessica,115,2020-03-22T18:29:22Z
sjones,166,2020-05-03T13:52:29Z
ireed,297,2021-02-07T12:45:51Z
michael26,82,2020-08-18T19:45:19Z
jamie57,498,2021-01-09T07:42:37Z
barnesjulia,170,2020-09-09T21:15:34Z
jacob77,390,2021-08-01T07:03:09Z
christianalexander,237,2020-03-07T02:25:51Z
hobbsadam,160,2020-03-29T17:48:12Z
benjaminrobinson,403,2021-02-23T18:33:31Z
vfarrell,26,2021-03-17T10:44:15Z
carol72,134,2020-11-26T10:42:33Z
villarrealaustin,267,2021-08-30T08:43:51Z
desireeguerrero,189,2020-12-31T22:19:09Z
walkermaria,315,2020-09-06T14:31:00Z
darrell23,349,2020-07-27T21:17:35Z
regina59,367,2020-06-20T14:52:23Z
gwilliams,373,2020-03-04T18:14:37Z
jackparker,105,2021-10-16T07:53:30Z
lbrewer,275,2021-08-06T16:50:38Z
brownjennifer,413,2021-04-22T07:23:32Z
vli,440,2021-07-15T11:48:41Z
ewhite,54,2021-09-28T17:56:23Z
joshua82,398,2021-05-25T08:34:31Z
fwilson,228,2020-12-06T23:06:31Z
jacquelinewallace,261,2020-05-18T06:38:43Z
csutton,248,2021-01-07T11:32:45Z
charles35,159,2020-08-09T06:50:16Z
perkinskendra,41,2021-09-20T11:11:16Z
mwilson,107,2021-09-18T10:22:55Z
cardenaschristopher,331,2021-07-23T15:28:01Z
michaelsullivan,333,2020-11-01T22:50:03Z
perkinsmatthew,297,2020-06-29T04:20:58Z
christina44,121,2020-01-31T13:05:20Z
shawn06,416,2020-12-28T07:29:00Z
thomasjason,300,2021-05-22T03:35:18Z
jessicajones,1718,2020-09-13T17:53:22Z
katherine72,2921,2020-01-23T13:25:13Z
john65,1287,2021-05-23T11:25:18Z
julielogan,1363,2021-01-05T08:20:36Z
chad68,1874,2020-09-15T18:00:13Z
churchsusan,2226,2020-02-17T07:45:24Z
daniellehill,2895,2020-04-08T07:19:59Z
cameron70,2020,2021-06-14T00:07:47Z
richardsontodd,1848,2020-09-03T17:30:28Z
vsimon,323,2020-02-29T23:47:41Z
deborahsullivan,520,2021-04-08T12:24:43Z
carrie28,258,2021-04-20T06:51:01Z
qreed,1193,2021-02-03T04:52:17Z
ibeck,2186,2020-12-09T05:05:05Z
nmorton,927,2020-03-20T17:27:24Z
rasmussencurtis,2839,2021-08-26T01:41:28Z
tinahoward,1765,2020-10-11T14:56:04Z
adickson,2764,2021-09-26T19:54:14Z
debrawalsh,573,2020-08-16T09:00:52Z
sandra60,1125,2021-12-19T19:27:59Z
owensbarbara,2669,2021-08-29T16:54:54Z
arthur25,2966,2021-11-05T00:18:26Z
padillarussell,1260,2020-09-10T23:18:24Z
elliottjacob,2653,2021-09-06T02:08:40Z
dodsonmichael,2063,2020-08-06T23:03:46Z
benjamin91,1027,2020-11-13T00:08:52Z
alexhughes,7,2020-12-18T09:42:03Z
deannalogan,717,2021-01-14T21:42:24Z
barnesmichael,350,2021-09-20T01:28:57Z
urandolph,1024,2021-03-05T16:38:38Z
wardmelissa,149,2021-04-21T03:09:06Z
nicolehall,1183,2020-01-04T15:16:18Z
patriciahess,2382,2021-04-14T23:41:30Z
silvajanet,2924,2021-07-25T20:14:03Z
robertstewart,2952,2021-05-02T09:41:44Z
monicamartin,2,2021-10-05T17:15:59Z
fpatterson,1736,2020-01-01T08:30:50Z
bassmanuel,1480,2020-04-14T11:19:53Z
tinahoward,1392,2020-09-12T16:00:05Z
andrewjohnson,2945,2021-12-18T23:46:04Z
destrada,2852,2021-10-08T05:02:48Z
parkandrew,40,2020-04-17T04:11:58Z
dalton87,41,2021-02-26T10:06:55Z
sheila01,435,2020-10-09T20:46:34Z
koneal,334,2020-02-19T02:40:06Z
piercedavid,464,2021-01-28T19:52:20Z
lwilliams,227,2021-11-05T05:14:56Z
juliajacobs,298,2021-02-08T10:18:43Z
david20,256,2021-10-17T00:12:10Z
brian76,456,2020-01-20T10:50:50Z
dustin87,2,2020-12-26T08:21:12Z
mburns,109,2020-11-03T14:34:33Z
pateljames,89,2021-02-08T00:56:12Z
ivanolson,427,2021-01-17T22:29:44Z
william24,303,2020-10-06T16:37:23Z
smitherik,336,2021-05-16T04:45:25Z
dakotacain,191,2020-09-26T15:27:41Z
smithkristen,11,2021-04-04T08:27:26Z
jmorales,0,2021-06-26T02:26:02Z
ksmith,52,2020-08-14T15:47:06Z
iwalker,365,2021-09-05T22:53:22Z
dwilson,497,2020-09-16T18:53:36Z
robinsonrobert,154,2020-04-07T07:32:41Z
george44,362,2020-08-22T00:24:19Z
ajarvis,431,2021-10-10T18:08:30Z
christopher74,305,2020-11-22T02:52:09Z
kmejia,427,2020-09-21T14:39:45Z
hoconnor,252,2021-03-15T02:58:44Z
marshallmelanie,117,2021-08-05T09:54:49Z
ortegakristine,165,2020-03-14T06:21:06Z
karen36,239,2020-08-11T01:32:51Z
donnadean,34,2021-12-10T13:11:27Z
ethansmith,247,2019-12-25T23:54:07Z
diane01,23,2021-07-30T08:13:17Z
cpatterson,75,2020-06-22T14:40:04Z
dgarcia,93,2019-12-29T06:26:08Z
freemanlauren,42,2020-03-06T00:57:46Z
poolebrandon,165,2021-12-19T11:58:29Z
kevin88,79,2021-09-16T16:19:38Z
kevin99,49,2020-10-08T15:12:51Z
vsimon,153,2020-02-29T22:17:41Z
jonathon54,115,2020-07-27T22:55:29Z
talexander,76,2021-03-27T20:32:13Z
amandawilson,286,2021-07-11T20:24:56Z
leebrian,162,2021-10-08T05:29:38Z
tinahoward,285,2020-05-17T14:09:01Z
cameronhoffman,132,2020-10-13T04:42:01Z
angela96,61,2020-12-09T05:24:06Z
padillarussell,92,2020-09-10T23:13:24Z
qfoster,11,2020-12-31T22:26:28Z
elliottjacob,241,2021-09-06T01:24:40Z
sgraham,43,2021-11-25T05:26:20Z
masonrogers,102,2020-04-07T23:05:44Z
snowjustin,112,2020-02-27T03:47:30Z
charles82,23,2020-10-15T03:38:07Z
nicolehall,240,2020-01-04T14:02:18Z
fpatterson,90,2020-01-01T09:20:50Z
jamesfleming,43,2020-07-10T06:50:12Z
robert10,257,2020-07-14T05:29:26Z
kfoster,129,2019-12-24T17:38:00Z
bassmanuel,59,2020-04-14T11:36:53Z
speterson,285,2020-11-05T13:51:22Z
bakerjose,177,2020-05-10T14:17:29Z
kevin91,207,2021-02-05T13:56:42Z
richard04,276,2021-08-22T13:32:03Z
lindacobb,129,2021-01-28T17:33:18Z
gardnerjohn,2824,2021-03-26T11:33:03Z
john38,2560,2021-01-04T04:44:02Z
harperjames,1861,2021-10-08T00:12:59Z
sheila01,1956,2020-10-09T21:40:34Z
ruth74,830,2021-09-21T12:43:37Z
juliajacobs,2111,2021-02-08T09:40:43Z
nicolas87,2706,2020-08-11T14:29:30Z
stephanie74,451,2021-09-13T07:24:57Z
johnsonmelissa,1289,2021-08-19T10:35:11Z
pateljames,247,2021-02-08T01:32:12Z
william24,288,2020-10-06T16:31:23Z
james54,1242,2021-08-09T13:39:47Z
porterjoshua,1862,2021-10-10T06:53:05Z
carol72,1704,2020-11-26T10:59:33Z
leonmorgan,1385,2020-10-01T11:28:32Z
edwardlong,443,2021-12-16T01:34:46Z
kford,1295,2020-07-20T08:20:11Z
gwilliams,2676,2020-03-04T18:59:37Z
ksmith,1473,2020-08-14T15:02:06Z
iwalker,2714,2021-09-05T22:05:22Z
hreed,1738,2021-08-27T15:46:16Z
lsims,2179,2021-05-03T00:48:23Z
jacquelinewallace,124,2020-05-18T05:41:43Z
lauraramos,1751,2020-07-01T00:39:44Z
christopher74,494,2020-11-22T02:52:09Z
perkinskendra,2490,2021-09-20T12:13:16Z
greensamantha,1061,2020-01-10T12:19:57Z
melissanelson,2071,2021-06-05T08:37:52Z
lauren39,1175,2021-02-04T19:38:31Z
lauralewis,2763,2021-11-04T00:44:39Z
katherinesimon,31,2021-04-01T20:50:22Z
nicholas38,5,2020-10-26T07:42:51Z
spencer20,93,2021-11-28T02:24:05Z
mcdonaldjoshua,81,2021-11-23T13:31:38Z
lhall,95,2021-01-03T14:48:58Z
kevin33,56,2021-12-21T21:41:05Z
catherine30,118,2021-07-30T22:15:05Z
danielle11,239,2020-03-13T00:32:22Z
michaelbrown,109,2021-03-20T05:04:04Z
annette44,57,2020-06-07T22:36:06Z
katherine72,14,2020-01-23T14:36:13Z
nwilson,240,2021-01-11T14:22:23Z
michael04,200,2021-05-02T00:26:40Z
charles03,273,2021-10-24T17:44:47Z
wilsonjason,107,2020-09-08T11:53:12Z
prattjohn,35,2021-08-25T01:52:40Z
walshbrian,114,2020-01-28T17:49:04Z
kevin88,154,2020-08-09T14:03:53Z
johnsonpatrick,260,2020-11-15T04:22:37Z
dbradford,142,2021-03-20T07:40:57Z
lisaford,136,2020-11-28T04:01:07Z
gwillis,293,2020-09-03T07:42:38Z
pamela91,249,2020-07-11T21:48:09Z
gcox,97,2020-08-08T11:44:36Z
johnbrowning,49,2020-09-10T06:26:57Z
adickson,191,2021-09-26T20:25:14Z
debrawalsh,147,2020-08-16T09:35:52Z
lmartin,135,2021-10-18T12:13:46Z
williamsdaniel,243,2020-07-01T01:07:46Z
stevenschristopher,123,2020-07-16T21:35:23Z
catherine34,147,2021-01-01T14:03:22Z
sarahfrancis,95,2020-06-07T05:22:51Z
cobbjuan,55,2020-09-11T20:13:37Z
jason65,53,2020-11-09T05:43:31Z
oscar00,57,2021-06-05T04:57:12Z
silvajanet,220,2021-07-25T19:36:03Z
cmiller,44,2020-05-14T22:20:33Z
vparker,221,2021-07-24T02:21:14Z
robertstewart,33,2021-05-02T10:34:44Z
christopher88,155,2021-11-29T10:02:54Z
katherine08,166,2021-04-18T23:45:28Z
jackson18,293,2020-12-31T05:52:21Z
kirktina,139,2021-02-15T17:20:41Z
david10,83,2021-08-07T21:50:28Z
kevin09,10,2021-04-03T17:23:30Z
jferrell,93,2021-01-17T13:36:49Z
russellterri,81,2020-01-14T10:34:46Z
whitedanielle,76,2020-10-03T03:21:55Z
cunninghammatthew,187,2020-06-22T03:45:54Z
sandersrobert,76,2021-08-16T12:43:17Z
tinahoward,211,2021-06-02T23:28:19Z
johnsonmarissa,286,2021-09-21T11:00:40Z
tdavis,241,2021-07-30T19:26:15Z
leeerica,112,2021-01-20T01:32:06Z
dawn09,2763,2021-06-04T01:56:42Z
sandrabowen,2423,2020-04-11T23:45:30Z
andersonkristen,19,2021-05-01T06:12:47Z
singletoncarol,2400,2020-12-21T19:15:29Z
lwilliams,325,2021-11-05T06:04:56Z
susanmitchell,2997,2021-09-03T16:18:36Z
benderbrandon,1374,2020-06-30T06:08:22Z
mjones,498,2020-11-05T15:08:22Z
vargaslouis,413,2021-05-22T09:10:32Z
brandiwagner,1712,2021-02-20T15:10:46Z
roberthall,340,2020-02-13T13:58:33Z
bakerjose,879,2021-05-25T09:46:36Z
bakerjose,580,2020-02-10T01:45:52Z
charles98,1960,2021-02-15T12:48:05Z
mgill,1531,2020-03-03T18:14:26Z
craig66,2856,2021-03-08T08:18:36Z
chad68,171,2020-09-15T17:36:13Z
michaelcollins,23,2021-10-15T05:52:41Z
pgordon,277,2021-06-28T07:25:31Z
julie69,254,2020-06-26T22:26:22Z
clarkrebekah,27,2021-07-12T00:37:37Z
carrie28,30,2021-04-20T05:57:01Z
drobbins,174,2020-07-24T23:14:39Z
nmorton,171,2020-03-20T17:35:24Z
tinahoward,97,2020-07-21T08:30:03Z
xhicks,88,2020-11-07T14:11:34Z
heaton,166,2021-12-21T06:35:15Z
barnesmichael,48,2021-09-20T01:35:57Z
sburns,225,2021-12-05T13:55:53Z
kevin07,181,2020-11-15T07:46:40Z
srusso,291,2021-11-17T02:37:44Z
nrollins,213,2021-10-15T06:21:07Z
xheath,289,2021-09-07T11:43:11Z
nicole59,250,2021-08-26T17:16:17Z
ambergolden,128,2021-11-27T09:34:20Z
diana15,240,2021-10-05T18:51:31Z
tinahoward,169,2020-09-12T15:26:05Z
trevinomichael,106,2020-11-15T04:07:33Z
andrewjohnson,162,2021-12-18T22:28:04Z
douglaswolf,210,2021-12-17T20:48:19Z
bakerjose,57,2020-02-05T14:30:39Z
bakerjose,156,2021-01-23T02:34:39Z
pattersondonald,103,2020-01-27T16:35:10Z
ronnie63,366,2020-05-29T08:12:06Z
sandra17,1243,2020-02-23T01:58:25Z
jharris,531,2020-07-15T20:52:57Z
qhuerta,569,2021-02-16T08:59:39Z
marshallsharon,2350,2020-03-31T10:16:20Z
piercedavid,1302,2021-01-28T20:38:20Z
kathleenjohnson,344,2021-07-31T19:50:10Z
allenjessica,2242,2020-03-22T18:34:22Z
jeanette67,2604,2020-02-25T20:42:41Z
barnesjulia,1623,2020-09-09T20:59:34Z
stephanie74,2876,2020-06-06T16:55:50Z
wangdana,162,2020-04-20T12:30:58Z
stephanie74,2307,2020-01-11T14:27:24Z
jacob58,1041,2020-03-03T15:40:28Z
jenkinsjoseph,2598,2020-02-26T09:23:18Z
jasonwalter,2460,2021-11-08T09:08:49Z
benjaminrobinson,1011,2021-02-23T19:24:31Z
robert85,1331,2020-09-02T10:19:25Z
mooreclinton,2244,2020-06-25T23:26:39Z
bakerjose,1244,2021-11-23T05:48:30Z
wward,2578,2021-06-01T10:27:01Z
dustin87,1916,2020-12-26T08:34:12Z
mburns,2706,2020-11-03T14:19:33Z
sfletcher,956,2021-10-11T18:33:56Z
astewart,1569,2021-06-24T20:44:29Z
bakerjose,2554,2020-05-05T18:57:00Z
villarrealaustin,2257,2021-08-30T08:38:51Z
jamesdodson,251,2020-05-11T08:05:15Z
walkermaria,522,2020-09-06T13:51:00Z
angela21,600,2020-09-25T03:29:18Z
smithkristen,2525,2021-04-04T08:38:26Z
crawfordjoan,2946,2021-07-06T05:08:16Z
freemanmichael,2460,2020-01-28T16:01:08Z
morandeanna,774,2020-01-09T18:41:45Z
fwilson,773,2020-12-06T22:43:31Z
riveradennis,577,2020-10-22T18:26:07Z
mirandasusan,2664,2021-08-28T08:02:06Z
williamhouse,2472,2021-07-30T08:16:42Z
karen13,2126,2020-06-03T19:36:51Z
fdouglas,358,2020-08-18T13:42:48Z
melissahuff,413,2021-02-14T02:38:31Z
briana50,733,2020-10-07T06:17:15Z
brian26,91,2021-11-28T16:08:16Z
kmitchell,143,2020-09-17T11:20:45Z
andrewdaniels,33,2021-05-06T14:48:01Z
bjackson,111,2020-06-01T02:07:28Z
blittle,132,2021-05-03T12:29:22Z
fosterjoseph,120,2021-11-08T17:08:22Z
ghicks,147,2020-12-22T18:02:59Z
jenniferanderson,29,2020-04-19T08:15:00Z
alisonclark,294,2020-02-12T00:29:59Z
jclark,257,2020-05-08T02:23:55Z
racevedo,116,2021-03-13T04:54:04Z
tford,197,2020-07-28T22:33:51Z
narnold,234,2020-12-30T07:32:30Z
christian34,269,2021-01-27T14:26:30Z
contrerasronald,253,2020-06-27T20:13:54Z
santostara,110,2020-12-29T13:38:31Z
joshua06,256,2020-09-05T10:55:24Z
janicehudson,73,2020-02-08T02:49:20Z
joseph58,235,2020-01-10T08:07:15Z
itran,265,2021-05-06T10:42:44Z
monica91,119,2020-05-16T12:12:52Z
john65,92,2021-05-23T11:14:18Z
daniellehill,106,2020-04-08T06:30:59Z
cameron70,11,2021-06-14T00:10:47Z
natalie79,75,2020-10-18T09:41:57Z
smithkevin,227,2021-05-29T03:27:56Z
sjackson,215,2020-06-16T12:46:15Z
jvang,163,2020-03-01T05:53:09Z
qreed,138,2021-02-03T05:03:17Z
heathermartin,49,2021-09-09T16:25:32Z
ibeck,72,2020-12-09T04:49:05Z
tinahoward,173,2020-10-11T14:27:04Z
katherinematthews,39,2020-02-07T11:56:10Z
stephanie26,122,2020-10-14T16:02:36Z
aharris,105,2021-09-24T02:31:19Z
tmoss,203,2020-01-19T15:56:04Z
vickijenkins,242,2021-07-16T18:50:30Z
mcneilnicole,40,2021-10-09T00:29:20Z
deannalogan,199,2021-01-14T21:08:24Z
collinswillie,243,2021-09-05T08:31:52Z
vjackson,162,2021-03-04T09:58:13Z
swilson,98,2020-11-26T02:44:03Z
fsmith,41,2021-04-13T15:08:02Z
reidrebecca,129,2021-02-20T07:24:48Z
wsmith,113,2020-07-22T17:05:05Z
rcole,20,2021-06-22T15:12:36Z
hannah94,144,2021-10-25T04:39:28Z
smallrobert,11,2020-09-08T12:57:24Z
cunninghamrebecca,136,2021-11-27T11:28:08Z
bakerjose,212,2021-09-11T21:09:44Z
donald14,176,2020-01-17T16:21:14Z
andreaflores,275,2020-04-27T03:51:18Z
daniel15,182,2021-03-21T00:14:39Z
jessicaking,158,2020-05-13T00:19:17Z
patricia57,1712,2020-10-04T23:44:17Z
dbrown,2282,2021-04-27T09:56:59Z
parkandrew,1178,2020-04-17T03:57:58Z
jesus75,1640,2020-03-13T19:46:38Z
psoto,517,2020-11-30T23:06:47Z
patriciasullivan,2183,2020-05-11T21:56:59Z
david70,1480,2020-01-19T23:03:52Z
ssantana,355,2020-04-29T04:24:15Z
ireed,2397,2021-02-07T14:08:51Z
michael26,2634,2020-08-18T19:16:19Z
jamie57,2387,2021-01-09T06:54:37Z
donald64,2156,2020-06-28T21:38:26Z
xandrews,792,2020-01-28T03:41:01Z
christianalexander,1054,2020-03-07T02:41:51Z
angeladawson,1255,2020-07-12T02:24:06Z
hintonmitchell,1646,2020-09-02T09:10:53Z
robertmorgan,136,2020-02-24T18:27:29Z
christophergibson,1583,2021-10-21T18:43:49Z
nforbes,2755,2020-11-11T09:10:04Z
rkeller,117,2020-01-18T23:00:53Z
isantos,4,2021-03-09T12:59:47Z
morganrivera,192,2021-06-03T10:58:35Z
weberalicia,205,2020-01-20T14:08:46Z
colleen75,79,2021-11-28T00:54:57Z
jessicajones,195,2020-09-13T17:05:22Z
jordan07,91,2020-09-19T17:32:33Z
kevin88,186,2020-10-27T13:29:37Z
julielogan,155,2021-01-05T08:19:36Z
amandabradford,138,2020-12-16T15:20:16Z
patrick21,275,2020-11-03T10:45:47Z
contreraspatrick,86,2020-04-22T04:41:00Z
jeanette42,64,2020-09-26T18:47:05Z
jacksonjaime,228,2021-01-13T19:57:16Z
kevin88,96,2021-05-21T19:03:00Z
deborahsullivan,166,2021-04-08T11:56:43Z
bensonmichael,276,2021-08-06T13:07:03Z
jasoncarter,101,2021-11-15T11:41:49Z
alec08,135,2020-07-05T19:05:29Z
morganteresa,171,2021-05-12T06:19:42Z
idelgado,244,2021-09-29T13:30:55Z
krowe,13,2021-02-27T02:26:21Z
lesliebell,209,2021-11-18T20:52:59Z
arthur25,286,2021-11-04T23:32:26Z
georgesusan,114,2020-05-07T00:37:50Z
bartlettkendra,239,2020-02-10T06:44:00Z
urandolph,146,2021-03-05T16:04:38Z
dana57,265,2020-10-07T04:07:48Z
dawnadams,248,2021-11-24T22:48:37Z
wadams,165,2021-12-05T04:23:03Z
simpsonmiguel,197,2021-05-14T01:23:14Z
edwardschristopher,295,2021-06-24T05:37:11Z
websterjamie,234,2020-03-10T00:22:18Z
wross,225,2020-07-10T03:36:29Z
dthomas,149,2020-07-05T03:57:57Z
trevor11,48,2021-05-17T19:21:12Z
monicamartin,258,2021-10-05T17:27:59Z
coopersamantha,226,2020-09-09T04:18:32Z
brooke54,248,2021-08-09T02:22:42Z
johnshaw,96,2021-02-05T12:08:29Z
summerallen,247,2021-11-03T11:06:05Z
nvega,233,2019-12-26T17:19:18Z
tina42,274,2021-10-28T18:17:08Z
vdrake,129,2021-04-29T02:45:47Z
lewisdonna,143,2020-02-29T09:38:13Z
bakerjose,255,2021-03-19T03:09:28Z
amartin,240,2020-10-11T06:31:15Z
jensenjohn,199,2020-03-17T05:07:46Z
riveragina,170,2020-08-12T06:22:44Z
destrada,114,2021-10-08T04:50:48Z
ewarren,1209,2021-11-22T08:27:52Z
pstein,2466,2020-11-22T16:30:23Z
smoreno,1618,2020-03-09T22:33:01Z
dalton87,2603,2021-02-26T10:23:55Z
koneal,572,2020-02-19T03:31:06Z
lharris,1136,2021-01-12T04:37:49Z
david20,1603,2021-10-16T23:45:10Z
joseph48,19,2019-12-28T03:38:37Z
veronica13,691,2020-09-01T10:38:26Z
turnertim,1221,2021-06-07T00:12:55Z
robert67,2414,2021-07-13T10:07:36Z
lisacoleman,2450,2021-01-26T21:43:01Z
laradanielle,1177,2021-08-13T16:39:06Z
vfarrell,1186,2021-03-17T10:37:15Z
alewis,2898,2020-07-18T21:22:48Z
gracealexander,880,2021-05-11T17:00:08Z
ivanolson,2716,2021-01-17T21:49:44Z
bakerjose,472,2021-10-25T05:47:41Z
karina34,1595,2021-06-28T17:11:41Z
benjaminmiller,1020,2021-01-06T02:19:49Z
perkinslinda,1707,2021-01-17T13:22:05Z
alexjoseph,941,2020-02-06T07:58:11Z
wbell,102,2021-02-06T22:57:41Z
natasharogers,151,2020-03-21T07:12:16Z
michael54,185,2021-05-12T10:07:30Z
nicoleblair,236,2020-01-15T11:50:42Z
matthewrose,129,2020-07-26T03:31:14Z
george79,278,2021-03-02T15:35:19Z
juan74,53,2021-01-07T17:10:42Z
joelandrews,157,2021-06-28T00:46:48Z
meadowsheather,89,2021-05-04T13:40:54Z
johnsonvictoria,39,2021-08-24T16:59:02Z
jaredjohnson,27,2020-07-01T10:39:41Z
njohnson,118,2020-09-20T17:51:25Z
bonnie54,128,2020-09-27T03:44:44Z
cmcdonald,259,2021-03-14T17:03:10Z
ogarcia,161,2021-12-15T02:39:01Z
icooper,11,2020-09-02T20:38:18Z
nthomas,254,2020-04-12T04:13:27Z
diane39,249,2020-06-29T17:21:00Z
ssmith,278,2020-01-29T10:59:40Z
aburgess,182,2021-01-21T21:34:16Z
floreserin,88,2021-09-13T23:45:27Z
edwardslisa,276,2020-09-17T05:01:16Z
clarkcharles,75,2020-05-06T12:52:42Z
knoxnatalie,75,2020-06-13T04:46:33Z
anna35,257,2021-06-26T16:54:47Z
rebecca89,204,2020-03-08T11:07:52Z
aaron54,177,2021-08-31T07:49:27Z
andrea95,190,2019-12-29T15:26:36Z
jacksonsteven,164,2021-05-29T16:03:40Z
mcain,122,2021-01-26T05:06:56Z
morrisonsara,174,2020-02-14T11:51:25Z
prestonadkins,65,2021-10-11T07:15:25Z
savannah49,204,2020-05-10T15:15:28Z
froberts,55,2021-04-14T06:01:04Z
karen10,53,2021-12-09T19:23:28Z
churchsusan,27,2020-02-17T08:00:24Z
charlesdavid,154,2020-07-18T09:20:25Z
bbishop,125,2020-07-10T23:55:22Z
eholland,43,2021-12-18T16:56:28Z
richardsontodd,160,2020-09-03T17:10:28Z
andrea06,262,2020-11-12T18:40:33Z
mharris,214,2020-06-24T23:24:52Z
rasmussencurtis,223,2021-08-26T01:27:28Z
brian70,70,2020-12-04T15:58:35Z
hamiltonmichele,8,2021-07-31T02:35:14Z
sandra60,99,2021-12-19T18:34:59Z
alec02,204,2021-04-16T08:18:17Z
fletchermelissa,173,2020-09-25T18:20:10Z
tina19,100,2021-12-02T06:04:00Z
owensbarbara,248,2021-08-29T17:22:54Z
brent85,0,2020-04-07T08:11:53Z
nicole17,86,2021-08-26T09:30:44Z
dodsonmichael,147,2020-08-06T23:11:46Z
benjamin91,69,2020-11-13T00:30:52Z
georgecarl,101,2020-03-23T16:27:47Z
aprilmcdonald,181,2021-01-29T16:53:24Z
alexhughes,108,2020-12-18T10:41:03Z
andrew19,212,2021-06-29T01:44:27Z
flemingrita,89,2021-10-06T03:57:34Z
wardmelissa,290,2021-04-21T04:38:06Z
michaelgarrett,94,2020-09-02T19:10:15Z
patriciahess,12,2021-04-14T23:24:30Z
craig40,179,2021-02-08T09:25:08Z
xrusso,64,2020-10-06T12:47:10Z
dlee,284,2020-07-16T05:20:13Z
uharper,230,2021-11-10T01:40:23Z
bakerjose,11,2020-07-24T17:19:23Z
smata,198,2021-08-25T23:45:34Z
morrisjake,112,2020-07-17T23:23:34Z
mooredennis,278,2020-10-24T19:58:08Z
wilsontodd,211,2021-08-16T12:14:16Z
millerfrank,128,2020-11-02T10:30:02Z
tinahoward,284,2020-07-19T14:23:01Z
donnathomas,138,2021-01-14T00:42:29Z
brianmoore,1643,2021-04-05T20:42:30Z
aguilarlori,2236,2020-02-25T12:36:53Z
sjones,666,2020-05-03T13:39:29Z
hooverernest,1236,2021-08-14T11:48:48Z
brian76,2113,2020-01-20T09:47:50Z
